NNo,,0,1,2,3,long,lat,statue
1,0,가경동점,충청북도 청주시흥덕구 풍산로 103(복대동),127.441402219329,36.6293222826862,정좌표
3,2,가래비점,경기도 양주시 광적면 가래비길 24,126.987290128273,37.8225846429121,정좌표
4,3,가마점,"충청북도 청주시서원구 남이면 청남로 1827-25, 1층",127.470975379765,36.5988421199495,정좌표
5,4,가수원점,대전광역시 서구 가수원동 774-18,127.351561331836,36.3007372503385,정좌표
6,5,가양동점,"서울특별시 강서구 양천로57길 10-11, 101-1호 (가양동, 이스타빌2차)",126.852935359315,37.5631725888811,정좌표
7,6,가오점,대전광역시 동구 가오동 533,127.456547421077,36.3079672808442,정좌표
8,7,가운점,경기도 남양주시 가운로2길 63 가운동삼원프라자 105호,127.157350130015,37.6000485500359,정좌표
9,8,가장점,대전광역시 서구 가장동 40-40,127.385007691742,36.3304768018927,정좌표
10,9,가정지구1점,인천광역시 서구 봉오재2로 37 104호,126.666243558739,37.5337257900024,정좌표
11,10,가좌3점,인천광역시 서구 가석로156번길 23-1,126.677570165078,37.4973302391234,정좌표
12,11,가평역전점,경기도 가평군 가평읍 굴다리길 13,127.513752846543,37.8260341265851,정좌표
13,12,가평점,경기도 가평군 가평읍 가화로 125-1,127.51313304347,37.830820187152,정좌표
14,13,가흥점,경상북도 영주시 가흥동 530 시영상가 나동 102호,128.610348342916,36.8355992355804,정좌표
15,14,각화주공점,광주광역시 북구 각화동 202번지 주공@상가 107호,126.934753708098,35.1802089209037,정좌표
16,15,간성점,강원도 고성군 간성읍 간성로 45,128.469963103081,38.3790702515501,정좌표
17,16,간현점,강원도 원주시 지정면 간현로 188,127.836038795957,37.364521602737,정좌표
18,17,갈곶원동점,경기도 오산시 오산로 68(갈곶동),127.069370867621,37.1327698750721,정좌표
19,18,갈마점,대전광역시 서구 갈마로 60(갈마동),127.369195226308,36.3470913872717,정좌표
20,19,갈산점,인천광역시 부평구 갈산동 364-4,126.725652547787,37.5114293928051,정좌표
21,20,갈산점(이천),"경기도 이천시 갈산로 81(갈산동, 102)",127.46261613013,37.2893099176483,정좌표
22,21,갈산점(홍성),충청남도 홍성군 갈산면 상촌리 243-12,126.551440601739,36.604002266786,정좌표
23,22,감곡점,충청북도 음성군 감곡면 장감로 142,127.638088169325,37.1189485188087,정좌표
24,23,감삼점,대구광역시 달서구 두류3동 630-1,128.550981370822,35.8533001241251,정좌표
25,24,강경점,충청남도 논산시 강경읍 대흥리 19-3,127.014854925661,36.156010097554,정좌표
26,25,강구점,경상북도 영덕군 강구면 강구리 453번지,129.383138141266,36.3590856366608,정좌표
27,26,강남구청점,서울특별시 강남구 삼성로119길 41. 1층(삼성동),127.048193846305,37.5152054126642,정좌표
28,27,강남대점,경기도 용인시기흥구 강남동로 114번길 22,127.137330427464,37.2731165017619,정좌표
29,28,강남점,대구광역시 동구 신암로16길 2,128.60923334474,35.8781381382175,정좌표
30,29,강릉교동점,강원도 강릉시 강릉대로 269 (교동),128.898742370865,37.7617037236598,정좌표
31,30,강릉대점,강원도 강릉시  율곡초교길39번  23(교동),128.878651871196,37.7653202301251,인근좌표
32,31,강릉서부점,강원도 강릉시 임영로 170-3(임당동),128.89170465283,37.7563704861225,정좌표
33,32,강릉옥계점,강원도 강릉시  옥계면 현내시장길 59,129.036525547567,37.6101729699019,정좌표
34,33,강릉옥천동점,강원도 강릉시  경강로 2166,128.902267151536,37.7588408889233,정좌표
35,34,강릉유천점,강원도 강릉시  선수촌로 63번길 5 우미린상가106,128.870004477693,37.7565099592965,정좌표
36,35,강북점,대구광역시 북구 읍내동 803-1,128.552119424563,35.9472597907173,정좌표
37,36,강상점,"경기도 양평군 강상면 강남로 922, 107호",127.479746687683,37.4870877782222,정좌표
38,37,강서점,충청북도 청주시흥덕구 가로수로1154 5-12(강서동),127.425080470527,36.626599624637,정좌표
39,38,강선점,경기도 고양시일산서구 강선로 67번지 유원상가 103호,126.764914946222,37.6701724670808,정좌표
40,39,강진점,전라남도 강진군 강진읍 탐진로 76-1,126.765063939089,34.6391463789939,정좌표
41,40,강화1점,인천광역시 강화군 강화읍 강화대로403번길 5,126.486230947436,37.7456417024722,정좌표
42,41,강화2점,인천광역시 강화군 강화읍 남산리 39-1,126.49004183791,37.7415179311596,정좌표
43,42,개군점,경기도 양평군 개군면 하자포길 35,127.537654603178,37.4263377175406,정좌표
45,44,개봉1점,"서울특별시 구로구 개봉로11길 13, 1층 3호(개봉동)",126.855451184563,37.4879475069213,정좌표
47,46,개운점,강원도 원주시 송림길 48-10(개운동),127.952339479529,37.3318037677395,정좌표
48,47,개포2점,서울특별시 강남구 선릉로6길 12. 1층(개포동),127.061962321539,37.4827475676524,정좌표
49,48,개포3점,서울특별시 강남구 개포로22길 23. 지상1층(개포동),127.048774070164,37.4775522386609,정좌표
50,49,거모점,경기도 시흥시 도일로 100-3,126.784181863983,37.3395268956372,정좌표
51,50,거제상동점,"경상남도 거제시 상동1길 15-9(상동동, 320동 103호)",128.640596772629,34.8611590237349,정좌표
52,51,거진점,강원도 고성군 거진읍 거탄진로 117,128.454290436636,38.4457286358729,정좌표
53,52,거창점,경상남도 거창군 거창읍 중앙로 52-1,127.904406064721,35.6847818164188,정좌표
54,53,건등점,"강원도 원주시 문막읍 왕건로 96, 지하1층",127.829915204871,37.3279211992307,정좌표
55,54,건영점,경기도 고양시일산서구 성저로 110번지,126.758937870459,37.6847083300881,정좌표
56,55,건천점,"경상북도 경주시 건천읍 내서로 1126, 101",129.10394149297,35.8485906223706,정좌표
57,56,검암경서점,인천광역시 서구 검암동 643-2 우주프라자 104,126.673427998044,37.5597082039145,정좌표
58,57,경기송산점,경기도 화성시 수노을1로191 상가3동 105호,126.82189599326,37.2852765282862,정좌표
59,58,경남고성점,경상남도 고성군 고성읍 송학리 263-7,128.325661158049,34.9771662903593,정좌표
60,59,경남금산점,경상남도 진주시 금산면 금산로 101,128.147358172201,35.2141380865875,정좌표
61,60,경남단계점,경상남도 산청군 신등면 신등가회로 15,128.010815233661,35.3787789108838,정좌표
62,61,경남사천점,경상남도 사천시 사천읍 정의1길 16,128.089533696651,35.0841460115967,정좌표
63,62,경남양산점,경상남도 양산시 중앙로 111 1층,129.03726247331,35.3407202095769,정좌표
64,63,경복점,"서울특별시 강남구 봉은사로43길 8, 1층 102호(논현동)",127.03994820799,37.5097981600056,정좌표
65,64,경안점,경기도 광주시 중앙로 179 (송정동),127.256648390454,37.4156305062368,정좌표
66,65,경포대점,강원도 강릉시  해안로 501 ,128.905014029294,37.804408350963,정좌표
67,66,계산1점,인천광역시 계양구 계산2동 933-25,126.721219412068,37.5446450332382,정좌표
68,67,계양1동점,인천광역시 계양구 황어로115번길 10,126.732667271218,37.5796631432481,정좌표
71,70,고담리점,경기도 이천시 대월면 대산로288번길 72,127.475371997134,37.249403690229,정좌표
72,71,고대점,충청남도 당진시 고대면 고대로 47,126.597769398838,36.9239428628267,정좌표
74,73,고덕점,충청남도 예산군 고덕면 용고길 353,126.704263887213,36.7446395371936,정좌표
75,74,고매리점,경기도 용인시기흥구 고매동 722-2,127.097241044943,37.2218856863374,정좌표
76,75,고북점,충청남도 서산시 고북면 기포리 300-2,126.532361135546,36.6680522139666,정좌표
77,76,고색점,"경기도 수원시권선구 매송고색로 687, 1층",126.979528008575,37.2506826326761,정좌표
78,77,고은점,충청북도 청주시상당구 남일면 단재로 730-1,127.509525287066,36.5664620827751,정좌표
79,78,고잔2점,경기도 안산시단원구 고잔동 733-1 104,126.838685788899,37.3138146643572,정좌표
80,79,고잔점,경기도 안산시단원구 고잔동 612 문화연립상가동 110,126.829531885773,37.3290272937492,정좌표
82,81,고천점,"경기도 의왕시 효행로 44(오전동, 의왕빌딩3호)",126.973082449875,37.3513525580924,정좌표
83,82,고한점,강원도 정선군 고한읍 고한로 151-1,128.853171943075,37.2013378001343,정좌표
84,83,곡반정점,"경기도 수원시권선구 곡선로50번길 48/107(곡반정동,현대@상가)",127.028288532151,37.237514693529,정좌표
85,84,곤명점,경상남도 사천시 곤명면 정곡리 843-9,127.976575205232,35.1306758386,정좌표
86,85,곤지암점,"경기도 광주시 곤지암읍 곤지암로50번길, 25",127.341155323294,37.3494481847325,인근좌표
87,86,공덕동점,서울특별시 마포구 공덕동 111-187,126.960511136658,37.5473542630039,정좌표
88,87,공덕역점,"서울특별시 마포구 마포대로11길 75 102 (공덕동, 공덕현대아파트상가)",126.950067416315,37.5487984444898,정좌표
89,88,공도점,경기도 안성시 공도읍 고무다리길 10-1,127.169646072894,36.9984114152095,정좌표
90,89,공릉철길공원점,서울특별시 노원구 동일로184길 69. 1층(공릉동),127.077365172596,37.6247732912222,정좌표
91,90,공성점,경상북도 상주시 공성면 옥산리 290-8,128.091151274073,36.2827805218672,정좌표
92,91,공주산성동점,충청남도 공주시 산성찬호길 1(산성동),127.125138921185,36.4586665007918,정좌표
93,92,공주중동점,충청남도 공주시 웅진로 140(중동),127.124355090777,36.4527004826072,정좌표
94,93,과학단지점,충청북도 청주시청원구 오창읍 오창중앙로 94,127.419678431512,36.7086274823277,정좌표
95,94,관기점,충청북도 보은군 마로면 관기송현로 95-1,127.819552935856,36.4354148433781,정좌표
96,95,관산점,경기도 고양시덕양구 통일로802번길 71,126.864935954884,37.691143750433,정좌표
97,96,관양1점,경기도 안양시동안구 관양동 1397-1 1층 101,126.95623044258,37.4055008191584,정좌표
98,97,관음점,대구광역시 북구 관음동 1319-11,128.544043031682,35.9392047853056,정좌표
99,98,관저1점,대전광역시 서구 관저동 981 원앙쇼핑109호,127.336560247361,36.3082893500729,정좌표
100,99,관저2점,대전광역시 서구 관저동 1137-1 구봉5단지상가 103호,127.327266777529,36.2983278932596,정좌표
101,100,광교점,"경기도 수원시영통구 대학1로 8번길 59, 1층103호(이의동)",127.044696552587,37.2981491984589,정좌표
102,101,광나루점,"서울특별시 광진구 아차산로78길 165, 1층 102호(광장동)",127.108897090384,37.5479609785913,정좌표
103,102,광릉내점,경기도 남양주시 진접읍 광릉내로 83,127.203813115717,37.7453076052157,정좌표
104,103,광명1점,경기도 광명시 오리로 937,126.858649300478,37.4779655555865,정좌표
105,104,광명2점,경기도 광명시 광명동 348-20,126.849601946559,37.4732989543638,정좌표
106,105,광명역점,"경기도 광명시 신기로17번길 6, 1층102호(일직동,케이스퀘어)",126.883958565733,37.4206249628097,정좌표
107,106,광산점,광주광역시 광산구 송정동 792-14,126.795392866412,35.1398673662897,정좌표
108,107,광안점,부산광역시 수영구 무학로33번길 55,129.117883433347,35.1639453773704,정좌표
109,108,광양점,전라남도 광양시 광양읍 인서중앙길 43,127.586680412271,34.9699776604349,정좌표
110,109,광장동점,서울특별시 광진구 구의동 203-24,127.091826230725,37.5436839068833,정좌표
111,110,광주점,경기도 광주시 문화로 6(역동),127.256219669878,37.4045111220913,정좌표
113,112,광천점,충청남도 홍성군 광천읍 광천리 244-7,126.626601693823,36.5017985179663,정좌표
114,113,광탄점,경기도 파주시 광탄면 혜음로 1127-1,126.847112516945,37.7818200769708,정좌표
115,114,광혜원점,충청북도 진천군 광혜원면 화랑5길 8,127.438762230337,36.9913688330552,정좌표
116,115,괘법점,부산광역시 사상구 광장로37번길 71,128.980848651949,35.166162694711,정좌표
117,116,괴산점,"충청북도 괴산군 괴산읍 읍내로11번길, 8-5",127.774148593468,36.7999650821762,인근좌표
119,118,괴정1점,대전광역시 서구 괴정동 130-3,127.375222267143,36.3388675024726,정좌표
120,119,교대앞점,강원도 춘천시 공지로 111 ,127.747767605814,37.8560279637347,정좌표
121,120,교대역점,서울특별시 서초구 서초동 1640-1 1층,127.018564765416,37.4939206136463,정좌표
122,121,교하신도시점,경기도 파주시 숲속노을로 300,126.709729781669,37.7269015345287,정좌표
123,122,구곡현대점,강원도 원주시 남원로 492-14(단구동1576-3),127.945864074087,37.327472311749,정좌표
124,123,구래점,경기도 김포시 김포한강9로 121,126.624859765274,37.6475634694381,정좌표
125,124,구례점,전라남도 구례군 구례읍 중앙로 35,127.467267890016,35.2088558088401,정좌표
127,126,구리남점,경기도 구리시 안골로20번길 28,127.132983705541,37.5958899380985,정좌표
128,127,구미송정점,경상북도 구미시 송정동 465-1,128.34044323874,36.1157105086436,정좌표
129,128,구미옥계점,경상북도 구미시 흥안로1길 6-3,128.417231428127,36.1464247050194,정좌표
130,129,구반월점,경기도 안산시상록구 건건동 632-4 1층,126.900594314957,37.3045169250478,정좌표
131,130,구산점,경상남도 김해시 구산로 32-1,128.872186590434,35.2486338938725,정좌표
132,131,구성마북점,경기도 용인시기흥구 연원로 5(마북동),127.108735355558,37.3019331360917,정좌표
133,132,구암점,전라북도 군산시 서당길 11(구암동),126.750560888428,35.9794207261579,정좌표
134,133,구운점,"경기도 수원시권선구 구운로32, 1층(구운동)",126.974887178738,37.2771877813151,정좌표
135,134,구월1동점,인천광역시 남동구 구월동 1217-2 103호,126.713286917506,37.4509623802493,정좌표
136,135,구의동점,서울특별시 광진구 자양로 322 (구의동),127.094055856005,37.5539319265229,정좌표
137,136,구포점,부산광역시 북구 구포동 391-9,129.000495509642,35.2078006959937,정좌표
138,137,군남점,경기도 연천군 군남면 군남로 115,127.019046577895,38.0581369721966,정좌표
139,138,군산금호점,전라북도 군산시 나운동 489 금호타운상가 108,126.702364498721,35.9669832868737,정좌표
140,139,군위점,경상북도 군위군 군위읍 서부리 57-1,128.566504727193,36.2355442668558,인근좌표
141,140,군자11점,경기도 안산시단원구 선부동 1078-4 가동상가 110,126.812710196711,37.3291429201324,정좌표
142,141,군포당동점,"경기도 군포시 군포로510번길 25(당동, 당동누리에뜰해밀제1층118호)",126.946525791001,37.3521495189948,정좌표
143,142,궁동점(대전),대전광역시 유성구 궁동 404-7,127.352504641616,36.3626634303292,정좌표
144,143,권선점,경기도 수원시권선구 세권로 181번 13(권선동),127.023964414488,37.2555229867095,인근좌표
145,144,궐동대우점,경기도 오산시 청학로 173번길 18(수청동),127.06201900743,37.1641447491704,정좌표
146,145,근화점,전라남도 목포시 산정로 268-3,126.387204444852,34.8116535704366,정좌표
147,146,금곡점,경기도 남양주시 금곡로 49,127.20866230112,37.6341479031359,정좌표
148,147,금산2점,충청남도 금산군 금산읍 중도리 391-4,127.491531576499,36.10224386632,정좌표
149,148,금암점,전라북도 전주시덕진구 조경단로 44,127.138169510323,35.8381382061689,정좌표
150,149,금오점,경기도 의정부시 금신로 398,127.055383860459,37.7491326309062,정좌표
151,150,금왕점,충청북도 음성군 금왕읍 탑골길 18,127.585330753425,36.9894948210259,정좌표
152,151,금장점,경상북도 경주시 현곡면 금장리 410 삼성APT상가 나동 103,129.203656011409,35.8682706424673,정좌표
153,152,금촌주공점,경기도 파주시 가나무로 103,126.7767508508,37.7543508532968,정좌표
154,153,금호동점,광주광역시 서구 금호동 815 호반리젠시빌 상가,126.854646183451,35.1264967490141,정좌표
155,154,금호로타리점,서울특별시 성동구 무수막길 89-2,127.020042845273,37.5537928920089,정좌표
156,155,금호역점,서울특별시 성동구 금호동3가 1394-3,127.01708869091,37.5484945760484,정좌표
157,156,기계점,경상북도 포항시북구 기계면 현내리 407-3번지,129.208831151986,36.0701015726305,정좌표
158,157,기아점,경기도 광명시 소하동 1236-7,126.882536920913,37.4365167472209,정좌표
159,158,기업도시점(원주),강원도 원주시 지정면 신지정로295,127.870074215626,37.380949177091,정좌표
160,159,기업도시점(충주),충청북도 충주시 중앙탑면 원앙9길 15 ,127.826938774808,37.0171121817494,정좌표
161,160,기장점,부산광역시 기장군 기장읍 대라리 129-1,129.214504318619,35.2410423563092,정좌표
162,161,기지시점,충청남도 당진시 송악읍 기지시리 161-1,126.690844762058,36.9029525367206,정좌표
163,162,길동3점,"서울특별시 강동구 천호대로185길 89(길동, 1층)",127.142015863537,37.538013753362,정좌표
164,163,길음점,서울특별시 성북구 길음로 74 길음뉴타운5단지 2-105,127.020758173337,37.608794853476,정좌표
165,164,김해내동점,경상남도 김해시 평전로 154(내동),128.860883907692,35.2426508014484,정좌표
166,165,김해중앙점,경상남도 김해시 부원동 603-7,128.881381654563,35.2279223709076,정좌표
168,167,꼬꼬점,경상북도 포항시북구 칠성천길 98,129.364650169611,36.0357186687182,정좌표
171,170,난곡점,서울특별시 관악구 문성로16가길 43,126.914904871264,37.4752897172208,정좌표
172,171,남목점,울산광역시 동구 동해안로 40-2(동부동),129.427670203688,35.5421079750497,정좌표
173,172,남부점,강원도 원주시 남원로 617-2(명륜동),127.951346324569,37.3384405779618,정좌표
174,173,남양주도곡점,경기도 남양주시 와부읍 덕소로 194-14,127.216539346219,37.578520236113,인근좌표
175,174,남원노암점,"전라북도 남원시 노암동 260, 한신아파트상가 102호",127.375510769365,35.3942130341198,정좌표
176,175,남원점,제주특별자치도 서귀포시 남원읍 남원리 100-1,126.720098378876,33.2795143857844,정좌표
177,176,남중·모현점,"전라북도 익산시  고현로14길 53, 1층",126.948252262875,35.9447357605596,정좌표
178,177,남창덕신점,울산광역시 울주군 온양읍 대안리 411-4,129.283371917045,35.4077404350369,정좌표
179,178,남촌점,경기도 오산시 성호대로 24-1(오산동),127.063929261654,37.1492379326801,정좌표
180,179,남해점,경상남도 남해군 남해읍 서변리 149-1,127.894779200419,34.8355487955587,정좌표
181,180,내곡동점,강원도 강릉시 관대길 70,128.878084892627,37.7407213282304,정좌표
182,181,내동2점,대전광역시 서구 내동 160-19,127.37122216342,36.3344098796786,정좌표
184,183,내면점,강원도 홍천군 내면읍 창촌로 48,128.450797922271,37.7611917461618,정좌표
185,184,내손동점,"경기도 의왕시 계원대학로 26, 201호 (내손동, 주영프라자)",126.974244327095,37.3791268150214,정좌표
187,186,노암점,강원도 강릉시 노가니길 1(노암동),128.899622373574,37.7498158446977,정좌표
188,187,노은반석점,"대전광역시 유성구 노은서로266번 77, 104호(지상1층)",127.317608651526,36.3831371436522,인근좌표
189,188,노학점,강원도 속초시 교동로  55(교동),128.577722568112,38.2038197013576,정좌표
190,189,녹양점,"경기도 의정부시 비우로20번길 29(가능동,지상1층)",127.031926483137,37.7555650248854,정좌표
191,190,논산2점,충청남도 논산시 취암동 610-2,127.089295792499,36.2041040886749,인근좌표
192,191,논산대교점,충청남도 논산시 대교동 250-14,127.089971232603,36.2110659091857,정좌표
193,192,논산주공점,"충청남도 논산시 논산대로 348번길 7, 상가-101(취암동,주공아파트)",127.10036844207,36.1929241492934,정좌표
194,193,논현동점,"서울특별시 강남구 강남대로128길 27(논현동, 지상1층 102호)",127.024327587731,37.5104246543071,정좌표
195,194,농암점,경상북도 문경시 농암면 청암2길 10,128.002964006766,36.5975274520461,정좌표
196,195,능곡점,경기도 고양시덕양구 토당로78번길 7-10(토당동),126.819085386798,37.6227296107252,정좌표
197,196,능주점,전라남도 화순군 능주면 죽수길50,126.959133054305,34.9877270397855,정좌표
198,197,다운점,울산광역시 중구 다운동 505-4,129.271092817951,35.5598951229795,정좌표
199,198,다인점,경상북도 의성군 다인면 서릉길 59,128.355594758492,36.4489585360049,정좌표
200,199,단계점,강원도 원주시 원문로 85 1층(학성동),127.937355807101,37.3564802217594,정좌표
201,200,단계택지점,강원도 원주시 금불3길 34(단계동),127.931894211147,37.3502188265354,정좌표
202,201,단관점,강원도 원주시 단관길 163(관설동),127.962525433954,37.3190063567447,정좌표
203,202,단구점,강원도 원주시 치악로 1629 (단구동),127.959736287147,37.3282722053639,정좌표
204,203,단월동점,경기도 이천시 단월로 29(단월동),127.450145942097,37.2211568378112,정좌표
205,204,달동1점,울산광역시 남구 달동 1329-9,129.332641030651,35.5430623328278,정좌표
206,205,달동2점,"울산광역시 남구 번영로107번길 3, 203(달동, 주공아파트)",129.328587921365,35.534721066228,정좌표
207,206,달전점,경상북도 포항시북구 흥해읍 도음로877번길 9 삼도미래타운106-106,129.329843543477,36.0806601484181,정좌표
208,207,답십리점,"서울특별시 동대문구 전농로3길 52-2, 1층(답십리동)",127.056054384121,37.5700284748508,정좌표
209,208,당감점,부산광역시 부산진구 당감동 739-10,129.037072902984,35.1672830978605,정좌표
210,209,당북점,경상북도 안동시 대안로 65-2,128.720025193071,36.5653221330134,정좌표
211,210,당산동점,서울특별시 영등포구 영중로 114 (영등포동8가),126.905725629514,37.5263315620393,정좌표
212,211,당수동점,경기도 수원시권선구 당진로 14번길 57 상가 105(당수동),126.94380171114,37.2903289348463,정좌표
213,212,당진1점,충청남도 당진시 당진중앙2로 54-5,126.628808339328,36.8923530080253,정좌표
214,213,당진2점,충청남도 당진시 무수동로 195,126.636854442782,36.8942180172465,정좌표
215,214,당진3점,충청남도 당진시 원당로 55(원당동),126.642935399039,36.9063107274391,정좌표
216,215,당진신평점,충청남도 당진시 신평면 신평로 827,126.773416417607,36.8845047109969,정좌표
217,216,대강점,충청북도 단양군 대강면 대강로 59-1,128.353482361936,36.9219121093796,정좌표
218,217,대고점,"대전광역시 중구 테미로 31-1(대흥동, 1층)",127.420477363107,36.321314050161,정좌표
219,218,대광리점,경기도 연천군 신서면 도대로 3번길 33호,127.107232243815,38.185456542149,정좌표
220,219,대구고성점,대구광역시 서구 원대로13길 16,128.57943674626,35.8831123448204,정좌표
221,220,대구남산점,대구광역시 중구 남산로2길 13(남산동),128.583549999575,35.8570111198683,정좌표
222,221,대구대명점,대구광역시 남구 두류공원로17길 48 (지하1층),128.567996037168,35.8448676240224,정좌표
223,222,대구상동점,대구광역시 수성구 중동 502-3,128.610920659575,35.8451169625666,정좌표
224,223,대구서문점,대구광역시 서구 비산동 280-8,128.571967698925,35.8680021462376,정좌표
225,224,대구송정점,대구광역시 동구 반야월로 379(신서동),128.730204675109,35.8719248771406,정좌표
226,225,대구신당점,대구광역시 달서구 신당동 1808-5,128.494638696293,35.8539867406546,정좌표
228,227,대구지산점,대구광역시 수성구 용학로35길 17,128.628651125763,35.8232425574302,정좌표
229,228,대림동산점,경기도 안성시 공도읍 양기리567-1,127.200838227802,37.0057915355702,정좌표
230,229,대림역점,서울특별시 구로구 구로중앙로8길 17,126.89275772223,37.4922496517626,정좌표
231,230,대림점,서울특별시 영등포구 대림로34길 14-1,126.899937364783,37.4988820891777,정좌표
232,231,대명계대점,대구광역시 남구 대명동 1899-2,128.584415401078,35.8521941616821,정좌표
233,232,대방동점,서울특별시 동작구 대방동 23-128,126.932139586094,37.5112062485172,정좌표
234,233,대봉점,대구광역시 중구 대봉동 121-241,128.605197885866,35.8561641098806,정좌표
235,234,대산점,충청남도 서산시 대산읍 대산리 214-10,126.432246799553,36.9395488773984,정좌표
236,235,대소점,충청북도 음성군 대소면 오태로99번길 12-4,127.486845331142,36.9681965435913,정좌표
237,236,대송점,울산광역시 동구 화정동 164-11,129.41898968826,35.4997347372181,정좌표
238,237,대신점,경기도 여주시 대신면 여양로 1456-4,127.586736431489,37.3746289257614,정좌표
239,238,대연점,부산광역시 남구 천제등로28번길 50,129.086564353994,35.1321599668104,정좌표
240,239,대우점,인천광역시 부평구 산곡동 26-44 1층,126.700557073639,37.5105966097588,정좌표
241,240,대전용문점,대전광역시 서구 괴정동 425-16,127.388395714976,36.3398978206016,정좌표
243,242,대전터미널점,대전광역시 동구 동서대로1695번길 106,127.438182386573,36.3535535198835,정좌표
244,243,대조동점,서울특별시 은평구 역말로9길 40-1. 1층(대조동),126.922472587556,37.6146663188337,정좌표
245,244,대진점,강원도 고성군 현내면 한나루로 112-1,128.42559064354,38.4980590463812,정좌표
246,245,대천해수욕장점,충청남도 보령시 해수욕장4길 68(신흑동),126.515447911737,36.3081197000035,정좌표
247,246,대치동점,서울특별시 강남구 남부순환로 2917 (1층 108호),127.059165308545,37.4931669991596,정좌표
248,247,대학로점,강원도 삼척시 대학로 45(당저동),129.163019511015,37.4451139397096,정좌표
249,248,대화장성점,경기도 고양시일산서구 호수로 838번지 22,126.749193824668,37.6702706455597,인근좌표
250,249,대화점(강원),강원도 평창군 대화면 대화3길 46,128.454947336305,37.5005662212683,정좌표
252,251,덕절리점,경기도 화성시 정남면 발안로 1177,127.029897941814,37.1346976697702,정좌표
253,252,덕정점,경기도 양주시 덕정길 23,127.063614770184,37.8442520885531,정좌표
254,253,덕천점,경기도 안양시만안구 덕천로128번길 18(안양동),126.934979359927,37.3911875495653,정좌표
255,254,덕풍동점,"경기도 하남시 신장동 430-7 성원쌍떼빌 104호, 105호",127.20649352621,37.5375991637201,정좌표
256,255,도고점,충청남도 아산시 도고면 신언리 96-10,126.868245529615,36.7578448624294,정좌표
257,256,도구점,경상북도 포항시남구 동해면 일월로 116,129.445590000147,35.9878801942453,정좌표
259,258,도련점,"제주특별자치도 제주시 삼봉로 115, 미듬하나로맨션상가 103",126.589494936243,33.5112514569163,정좌표
260,259,도림주공점,인천광역시 남동구 논고개로 299,126.727475256417,37.4171516576104,정좌표
261,260,도립대점,강원도 강릉시  주문진읍 연주로 261-1,128.828516971738,37.8759813620695,정좌표
262,261,도마점,대전광역시 서구 도마1동 129-30,127.379109277585,36.3161603794572,정좌표
263,262,도봉점,"서울특별시 도봉구 도봉로164길 10(도봉동, 1층)",127.045371521031,37.6758751436184,정좌표
264,263,도안지구점,대전광역시 유성구 원신흥남로11번 6-22 (102호),127.337914951692,36.33365722277,인근좌표
265,264,도영점,강원도 원주시 남원로 527번길 6-34(명륜동),127.945655790788,37.3331812091094,정좌표
266,265,도평점,경기도 광주시 초월읍 현산로 89-6,127.290846005739,37.3957788903202,정좌표
267,266,도화동점,서울특별시 마포구 도화동 268,126.948728893225,37.5395269324073,정좌표
268,267,독립문점,서울특별시 종로구 통일로 222(교북동),126.960043591894,37.5727538870657,정좌표
269,268,독산1점,"서울특별시 금천구 가산로 80-2, 지상1층(독산동)",126.895389326345,37.4734620319435,정좌표
270,269,독산3점,서울특별시 금천구 독산로 319 (독산동),126.903282504065,37.4753319138848,정좌표
271,270,동광양점,전라남도 광양시 중마로 201,127.688899174897,34.9427033476184,정좌표
272,271,동대동점,충청남도 보령시 작은오랏2길 60-6,126.603263818547,36.3459822877501,정좌표
273,272,동두천역전점,경기도 동두천시 생연로 120,127.051239740192,37.9031495958215,정좌표
274,273,동두천터미널점,경기도 동두천시 중앙로265번길 15(생연동),127.052924363129,37.9051917682528,정좌표
275,274,동명동점,강원도 속초시 번영로105번길 19(동명동),128.586471029316,38.2104373743554,정좌표
276,275,동명점,경상북도 칠곡군 동명면 봉암1길 7,128.552850900438,35.9700386975719,정좌표
277,276,동보점,강원도 원주시 진광길 30(우산동),127.939294125079,37.3721648995914,정좌표
278,277,동삼점,부산광역시 영도구 태종로 688-2(동삼동),129.075172365892,35.0722184679942,정좌표
279,278,동송점,강원도 철원군 동송읍 금학로 232,127.217635637171,38.2092584381766,정좌표
280,279,동아점,경기도 고양시일산동구 강송로 196 동아아파트상가 1-3,126.784783386379,37.6573640555701,정좌표
281,280,동암남점,인천광역시 부평구 경인로701번길 43 1층,126.705983983392,37.4721179454098,정좌표
282,281,동인점,대구광역시 중구 동인동3가 238-2,128.609879747811,35.8711066665866,정좌표
283,282,동천동점,경기도 용인시수지구 고기로45번길 58 동문그린아파트 상가101호,127.092954703538,37.3390271956952,정좌표
284,283,동천점,경상북도 경주시 탈해로47번길 6-4,129.228720012639,35.8505435951704,정좌표
285,284,동촌점,대구광역시 동구 검사동 960-170,128.655013899602,35.8843844937776,정좌표
286,285,동탄1점,"경기도 화성시 동탄지성로 150-9(능동,상가101호)",127.059440138502,37.2108675622931,정좌표
288,287,동탄반송점,"경기도 화성시 노작로3길 22,1층 일부호(반송동)",127.079095220782,37.1957672099118,정좌표
289,288,동탄영천점,경기도 화성시 동탄대로24가길 27 상가103호,127.114234966335,37.2173065026201,정좌표
290,289,동해점,강원도 동해시 천곡2길 4(천곡동),129.112478367129,37.524122865352,정좌표
291,290,두구동점,부산광역시 금정구 두구동 230-3,129.111842337106,35.2958211210093,정좌표
292,291,두정점,"충청남도 천안시서북구 부성6길 23(두정동, 중앙프라자상가105호)",127.136170615122,36.8358507880388,정좌표
293,292,두호점,경상북도 포항시북구 두호동 205-26,129.383807389545,36.0662861512918,정좌표
294,293,둔덕점,전라남도 여수시 만성로 18,127.698060701754,34.7691104247307,정좌표
295,294,둔산1점,대전광역시 서구 둔산동 1809  국화동성@상가 202호,127.39743226569,36.3539485101295,정좌표
296,295,둔산2점,대전광역시 서구 둔산3동 1972번지,127.398291981424,36.349876400191,정좌표
298,297,뚝섬점,서울특별시 광진구 능동로3가길 4(자양동),127.066038700241,37.5336443070749,정좌표
299,298,레이크타운점,경기도 안산시단원구 광덕1로 195,126.831622939492,37.3081660945149,정좌표
300,299,마석점,"경기도 남양주시 화도읍 비룡로 185-20, 210(삼진상가2층)",127.301036750021,37.6681435913829,정좌표
301,300,마송점,경기도 김포시 통진읍 조강로 49,126.599995174436,37.6901819651117,정좌표
302,301,마전역점,인천광역시 서구 마전동 999-4,126.667466481461,37.5978901840022,정좌표
303,302,마전점,충청남도 금산군 추부면 마전리 567-12,127.466864581378,36.1909963829738,정좌표
304,303,마천1점,서울특별시 송파구 마천로61길 9(마천동),127.153442408049,37.4935420201088,정좌표
305,304,마평리점,경기도 용인시처인구 금령로 129(마평동),127.210795369305,37.235479031551,정좌표
306,305,만년점,대전광역시 서구 만년로16번길 27(만년동),127.374603187266,36.3661151696451,정좌표
307,306,만수1점,인천광역시 남동구 만수서로 97-17(만수동 1층),126.737255877947,37.4622040414386,정좌표
308,307,만수3점,인천광역시 남동구 만수동 861 1층,126.725603264208,37.4603132738377,정좌표
309,308,만수삼환점,인천광역시 남동구 소래로669번길 30 106호,126.732678606781,37.4500850220347,정좌표
310,309,만수주공점,인천광역시 남동구 장승남로34번길 22 상가 111호,126.73571586977,37.4423496356599,정좌표
311,310,만촌점,대구광역시 수성구 만촌동 963-4,128.642415893568,35.866029432395,정좌표
312,311,망상점,"강원도 동해시  동해대로 6270-16, 1층 111호(망상동)",129.091083375203,37.5924216760468,정좌표
315,314,매산점,경기도 수원시팔달구 갓매산로26번길 24,127.007365822113,37.2674234393098,정좌표
316,315,매송점,경기도 화성시 매송면 화성로 2358번길 37,126.924712440432,37.2493292962285,정좌표
317,316,매탄점,경기도 수원시영통구 동수원로514번 15 103호,127.046980446159,37.2727826992703,정좌표
318,317,매화동점,경기도 시흥시 매화1로 21,126.812646587208,37.4151166031161,정좌표
319,318,매화목련점,경기도 성남시분당구 양현로 539. 매화근린상가1층 104,127.141663315096,37.4145942710435,정좌표
320,319,면목1점,"서울특별시 중랑구 면목천로19길 16, 1층(면목동)",127.08280710404,37.5866827377441,정좌표
321,320,명곡점,대구광역시 달성군 화원읍 설화리 779-1,128.484557727112,35.7956619311526,정좌표
322,321,명보점,충청북도 제천시 용두천로 112(남천동),128.213291427208,37.1373203218434,정좌표
323,322,명일점,서울특별시 강동구 동남로67길 44(명일동),127.153371118581,37.5488627274065,정좌표
324,323,모가점,경기도 이천시 모가면 진상미로 1257(성광주택),127.479634925528,37.1684148740752,정좌표
326,325,모슬포점,제주특별자치도 서귀포시 대정읍 상모대서로 25,126.256722361051,33.2254122799876,정좌표
328,327,목감점,경기도 시흥시 동서로 1095,126.860241345102,37.3866436615684,정좌표
329,328,목동1점,서울특별시 양천구 목4동 772-12,126.869469398352,37.534059557875,정좌표
330,329,목동3점,"서울특별시 양천구 목동동로 50 A-111(신정동, 목동아파트)",126.871625795421,37.5427567447715,인근좌표
331,330,목동시장점,서울특별시 양천구 목동중앙남로10 7,126.868363606591,37.5439326816567,인근좌표
332,331,목상석봉점,"대전광역시 대덕구 대덕대로1454 11-6(목상동,1층)",127.412092612537,36.448801142351,인근좌표
333,332,목행점,충청북도 충주시 행정10길 10(목행동),127.9173739269,37.013367083269,정좌표
334,333,무거1점,울산광역시 남구 신복로23번길 15(무거동),129.258755796725,35.5472419677543,정좌표
335,334,무실점,강원도 원주시 시청로 88-1  101호(무실동),127.927019010229,37.3353411542653,정좌표
336,335,무원삼보점,경기도 고양시덕양구 화신로 31 무원마을 삼보상가 102,126.838530080296,37.6157027431859,정좌표
337,336,무주점,전라북도 무주군 무주읍 읍내리 249-6,127.662635085169,36.007859787996,정좌표
338,337,무지개점,"경기도 성남시분당구 구미동 211, 무지개마을 106",127.116745244338,37.3351718298232,정좌표
339,338,묵동점,"서울특별시 중랑구 동일로149길 15. 3동 104호(묵동,우성아파트)",127.077886721333,37.6063100715602,정좌표
340,339,묵호점,"강원도 동해시 발한로 137(발한동, 가동)",129.102767096802,37.5445719579378,정좌표
341,340,문경점,경상북도 문경시 문경읍 주흘로 29,128.106958979434,36.7352850231307,정좌표
342,341,문덕점,경상북도 포항시남구 오천읍 문덕리 203-3 청호A상가101,129.409280228845,35.9591709891542,정좌표
343,342,문막점,강원도 원주시 문막읍 문막시장1길 55-2,127.816054691784,37.3053251058536,정좌표
344,343,문산점,경기도 파주시 문산읍 문항로 82,126.782901695743,37.8626860185917,정좌표
345,344,문정점,"서울특별시 송파구 송이로33길 6-17(문정동, 지상1층)",127.133639524725,37.4872606085135,정좌표
346,345,문촌점,경기도 고양시일산서구 대산로 183,126.758081489136,37.6766777749492,정좌표
347,346,문학점,"인천광역시 미추홀구 승학길 4(문학동, 101호)",126.679447514273,37.4395140278597,정좌표
348,347,문화동점,충청북도 충주시 사직산1길 15-11(문화동),127.926122548172,36.9673728680091,정좌표
349,348,문화점,대전광역시 중구 문화동 788 상가 107호,127.399877195938,36.3094930585709,정좌표
350,349,미금점,경기도 성남시분당구 미금일로 55 상가동108호,127.113645748153,37.3456372066499,정좌표
351,350,미룡산북점,전라북도 군산시 부곡로 125(미룡동),126.675834570682,35.9581900704311,정좌표
352,351,미사1점,"경기도 하남시 미사강변중앙로 223, 113호 (망월동, 센트럴파크1)",127.18837974201,37.5666065736075,정좌표
353,352,미아점,서울특별시 강북구 도봉로29길 10 1층,127.027666082816,37.6207339281405,정좌표
354,353,미원점,충청북도 청주시상당구 미원면 미원시내2길 19-3,127.653372929735,36.6323819511527,정좌표
355,354,민락점,경기도 의정부시 오목로 99,127.091995434429,37.7367963228129,정좌표
356,355,밀양댐점,경상남도 밀양시 단장면 고례리 1521-3,128.929726648653,35.4903304736369,정좌표
357,356,박달동점,경기도 안양시만안구 박달동 134-5,126.9049142214,37.4025487469789,정좌표
358,357,반구점,울산광역시 중구 반구동 101-8,129.338329168885,35.5612869779432,정좌표
360,359,반송2점,부산광역시 해운대구 반송동 62-340,129.15710451861,35.2314979050362,정좌표
361,360,반월점,전라북도 전주시덕진구 반월동 1229 반월주공아파트상가 104호,127.072828177455,35.872322171415,정좌표
362,361,반포동점,서울특별시 서초구 반포1동 717-10 101,127.018865355955,37.5086980680762,정좌표
363,362,발산동점,서울특별시 강서구 우장산로 9(내발산동),126.838236719336,37.5547920959078,정좌표
364,363,방배본점,서울특별시 서초구 동광로11길 25. 1층(방배동),126.985839161114,37.4923669449355,정좌표
365,364,방어진점,울산광역시 동구 화문로 75,129.416907974982,35.4826475646185,정좌표
366,365,방이2점,"서울특별시 송파구 오금로23길 25, 나동 1층 (방이동)",127.116786966005,37.510749630046,정좌표
367,366,방화1점,서울특별시 강서구 양천로11길 8(방화동 487-8 1층),126.810060928478,37.5736636841383,정좌표
368,367,방화2점,"서울특별시 강서구 방화동로 116-1(방화동, 1층)",126.812509000199,37.5708297361351,정좌표
370,369,백사점,경기도 이천시 백사면 현방리78-2,127.490350141126,37.3418683335284,정좌표
371,370,백석점,경기도 양주시 백석읍 양주산성로 564-1,126.991875995806,37.787293401432,정좌표
372,371,백암점,경상북도 울진군 온정면 소태로 3,129.343984332289,36.722302777238,정좌표
373,372,백양사점,전라남도 장성군 북하면 백양로 904,126.882756812532,35.4078230017019,정좌표
374,373,백천점,경상북도 경산시 백천동 573-1 108,128.738231715513,35.8036568701502,정좌표
375,374,백학점,경기도 연천군 백학면 두백로 35,126.913529706738,38.032158739274,정좌표
376,375,번동점,서울특별시 강북구 번3동 307 1층 5호,127.039829835818,37.6284271007675,정좌표
377,376,범서점,울산광역시 울주군 범서읍 점촌5길 37,129.239041537243,35.5699422354875,정좌표
378,377,범어점,경상남도 양산시 물금읍 범어리 721-1,129.004491021977,35.3313320382013,정좌표
379,378,범어B점,대구광역시 수성구 동대구로77길 24,128.625211871472,35.8648413576491,정좌표
380,379,법1동점,대전광역시 대덕구 법동 281 삼정하이츠@상가 1층,127.427234406483,36.3731740864757,정좌표
381,380,법2동점,대전광역시 대덕구 법동 206-6,127.432198449343,36.3654599131951,정좌표
382,381,법원점,경상북도 포항시북구 양덕동 692-6,129.390887393322,36.0892789644168,정좌표
383,382,별내점,경기도 남양주시 별내중앙로26 111호,127.125966541211,37.6456952450742,정좌표
384,383,병영점,울산광역시 중구 병영로 80,129.346312851137,35.5764893475788,정좌표
385,384,병점점,경기도 화성시 병점로 58(병점동),127.040676039244,37.211118448508,정좌표
386,385,병천점,충청남도 천안시동남구 병천면 병천리 157-17,127.297903655931,36.7626130946308,정좌표
387,386,보개점,경기도 안성시 보개면 남사당로 1-3,127.28900386565,37.0264017688663,정좌표
388,387,보광2점,"서울특별시 용산구 장문로6길 101, 지상1층(동빙고동 1-9)",126.996519065768,37.5259884609058,정좌표
389,388,보라매동점,서울특별시 관악구 보라매로 22 (봉천동),126.927313228226,37.4913654686833,정좌표
390,389,보라점,경기도 용인시기흥구 사은로 116,127.11764933098,37.25568572854,정좌표
391,390,보령웅천점,충청남도 보령시 웅천읍 충서로 872,126.601845183942,36.2295586750755,정좌표
392,391,보은점,충청북도 보은군 보은읍 삼산리 44-1,127.719293097608,36.4824820144153,정좌표
393,392,복대점,충청북도 청주시흥덕구 복대로199번길 3,127.440573547553,36.6342508168589,정좌표
394,393,복수점,대전광역시 서구 복수동 283-397,127.376680924224,36.3085103502163,정좌표
395,394,본리점,대구광역시 달서구 본리동 81-3번지,128.539152891826,35.8414286030659,정좌표
396,395,본오2점,경기도 안산시상록구 각골로 123,126.872693084433,37.3005793721038,정좌표
397,396,본오3점,경기도 안산시상록구 본오동 669-7,126.86597141675,37.2875025990669,정좌표
398,397,봉곡점,경상북도 구미시 봉곡남로9길 35,128.309519807488,36.1527490895855,정좌표
399,398,봉담와우리점,경기도 화성시 봉담읍 와우로15번길 55-9 효성@상가1층,126.974665999187,37.2166570367872,정좌표
400,399,봉담점,경기도 화성시 봉담읍 진등1길 57-1,126.949026297906,37.2210858443908,정좌표
401,400,봉덕2점,대구광역시 남구 봉덕동 924-3,128.60411658382,35.8420421288378,정좌표
402,401,봉명동점,충청북도 청주시흥덕구 주현로25번길 20(봉명동),127.458366115329,36.6438513810073,정좌표
403,402,봉산점,강원도 원주시 치악로 1867 (봉산동),127.956407069717,37.3480761468246,정좌표
404,403,봉암리점,경기도 양주시 은현면 은현로 521,127.004728913128,37.9077951969202,정좌표
405,404,봉천현대점,"서울특별시 관악구 양녕로 35-1, 1층(봉천동)",126.946669972139,37.4852687259107,정좌표
406,405,봉평점,강원도 평창군 봉평면 기풍3길 28,128.377483748423,37.6151424560804,정좌표
407,406,봉화점,경상북도 봉화군 봉화읍 내성리 236-17,128.736850051613,36.8911505322107,정좌표
408,407,부강점,세종특별자치시  부강면 부강2길 11,127.366806659992,36.5304222884301,정좌표
409,408,부개주공점,"인천광역시 부평구 부개로 79, (부개동,부개택지개발1블럭)",126.739733859748,37.5048064689845,정좌표
410,409,부곡점(안산),경기도 안산시상록구 부곡동 685-11 안산제2종합시장 1003호,126.858482259172,37.3264233028152,정좌표
411,410,부곡점(의왕),경기도 의왕시 솔밭길 31,126.951965265512,37.3177748148399,정좌표
412,411,부론점,강원도 원주시 부론면 법천시장길 66-11,127.74877783551,37.2066322668172,정좌표
413,412,부발점,경기도 이천시 부발읍 무촌로 137,127.487956713643,37.2842639473646,정좌표
414,413,부산송정점,부산광역시 해운대구 송정중앙로 15-1,129.202745421794,35.1833156030071,정좌표
415,414,부산신평점,부산광역시 사하구 다대로142번길 130(신평동),128.975029443731,35.0923107059241,정좌표
417,416,부석점,경상북도 영주시 부석면 소천리 381-7,128.654973830772,36.9791501456027,정좌표
418,417,부송점,전라북도 익산시 부송1로 65,126.989156140625,35.9577577176712,정좌표
419,418,부안점,강원도 춘천시 후석로 261(후평동),127.752323967346,37.8747937163583,정좌표
420,419,부여점,충청남도 부여군 부여읍 성왕로 173번길 12,126.907540944502,36.2812054584843,정좌표
421,420,부평점,"인천광역시 부평구 부평문화로115 17, 1층(부평동)",126.729154469301,37.4942980691582,정좌표
422,421,북가좌1점,"서울특별시 서대문구 증가로20길 71, 1층(북가좌동)",126.918772746713,37.582222459998,정좌표
424,423,북문점,경기도 수원시장안구 팔달로259번길 9,127.012891223725,37.2893579647275,정좌표
425,424,북변점,경기도 김포시 북변동 688 대우아파트상가 111호,126.703174642722,37.629674573443,정좌표
426,425,북부점(경주),경상북도 경주시 동부동 75-8,129.212269243739,35.8471534118205,정좌표
427,426,북부점(포항),경상북도 포항시북구 두호동 1035-7,129.378433658262,36.0597804508788,정좌표
428,427,북삼점,경상북도 칠곡군 북삼읍 평원2길 15,128.341074194431,36.0678424640214,정좌표
429,428,북평점,강원도 동해시 대동로 131(북평동),129.126012729704,37.4833327333337,정좌표
430,429,분당동점,경기도 성남시분당구 분당동 39 샛별마을 삼부아파트상가 -101 1호,127.129181854013,37.3706552837662,정좌표
431,430,분평동점,충청북도 청주시서원구 청남로2005번길 27,127.483333585065,36.6106891565759,정좌표
432,431,불광동점,서울특별시 은평구 불광로 192,126.930362561602,37.6234488098615,정좌표
433,432,불노지구점,인천광역시 서구 검단로 842,126.690899037165,37.6186280671233,정좌표
434,433,불당점,충청남도 천안시서북구 불당동 1124,127.109486041612,36.8034913290044,정좌표
435,434,불로점,대구광역시 동구 불로동 1139-7,128.641179986868,35.9152147871825,정좌표
436,435,비래가양점,대전광역시 동구 가양2동 47-64,127.454083973532,36.3541945980563,정좌표
437,436,비산1동점,"경기도 안양시동안구 경수대로 946, 111호 (비산동, 대광로제비앙)",126.932465379571,37.3997622403877,정좌표
438,437,비산삼호점,경기도 안양시동안구 비산동 377-4,126.944906852667,37.4004757702334,정좌표
439,438,비산점,대구광역시 서구 평리동 791-24,128.565884698398,35.8760786492543,정좌표
440,439,비산B점,대구광역시 서구 비산1동 723-1,128.567174911586,35.8813641894796,정좌표
441,440,비인점,충청남도 서천군 비인면 성내리 338-5,126.60428164965,36.1397737590361,정좌표
442,441,사당4점,서울특별시 동작구 사당동 1033-23,126.980063422764,37.4792496353437,정좌표
443,442,사동2점,"경기도 안산시상록구 감골로 43(사동, 102호)",126.854884215,37.2857380930883,정좌표
444,443,사동리점,경기도 이천시 대월면 사동로 162,127.495528043701,37.2434365194285,정좌표
445,444,사동점,경기도 안산시상록구 사동 1285-3,126.848325110029,37.2971440379945,정좌표
446,445,사북점,강원도 정선군 사북읍 사북중앙로 13,128.816112305506,37.2271564891543,정좌표
447,446,사우동점,강원도 춘천시 영서로 2818(사농동),127.726267712754,37.9045289096881,정좌표
448,447,사우지구점,경기도 김포시 북변동 832 영풍아파트상가 104,126.721510130895,37.6241196859603,정좌표
449,448,사직점,부산광역시 동래구 사직동 19-45,129.062573814968,35.2013862764562,정좌표
450,449,사창동점,충청북도 청주시서원구 1순환로  698(사창동),127.461046785208,36.6314015188127,정좌표
451,450,사창리점,강원도 화천군 사내면 사내로 47-1,127.520627338018,38.0721257330096,정좌표
452,451,산격점,대구광역시 북구 산격동 1232-3,128.60719623089,35.8980577819309,정좌표
453,452,산본13점,"경기도 군포시 산본동 1059 우성상가A동 8,9호",126.933827944824,37.3725541791746,정좌표
454,453,산본3점,"경기도 군포시 광정로 25-16. 103호(금정동,퇴계종합상가)",126.931782209659,37.3558270925238,정좌표
455,454,산본6점,"경기도 군포시 산본천로 34-5(산본동, 세종종합상가동101호)",126.928010757633,37.3594594902657,정좌표
456,455,산본9점,경기도 군포시 산본동 수리산로203번안길 34 ,126.925383374266,37.3673044966493,정좌표
457,456,산본리점,"경기도 군포시 금산로 62, 1층 (산본동)",126.938789600632,37.3677417673956,정좌표
458,457,산북점,경기도 여주시 산북면 상품로 99,127.443560050751,37.4019096120381,정좌표
459,458,삼계점,경상남도 김해시 가야로147번길 12-1 ,128.873013922602,35.2644524269033,정좌표
460,459,삼광점,강원도 원주시 행구로 107,127.968192627572,37.3420978222036,정좌표
461,460,삼동점,경기도 광주시 순암로 509(삼동),127.198772377897,37.411024127263,정좌표
462,461,삼방점,경상남도 김해시 삼안로235번길 14(삼방동668-17),128.909124183058,35.2487751285164,정좌표
463,462,삼산점,인천광역시 부평구 삼산동 201-3,126.737744123068,37.5187901424545,정좌표
464,463,삼성동점,"서울특별시 강남구 영동대로112길 61, 1층(삼성동)",127.065217386827,37.515974706308,정좌표
465,464,삼송점,경기도 고양시덕양구 신도길 9,126.894320844054,37.6525355798073,정좌표
466,465,삼양동점,서울특별시 강북구 미아동 833-12,127.016782634737,37.625452125442,정좌표
467,466,삼환대우점,인천광역시 연수구 원인재로 124,126.680821589059,37.4074927717964,정좌표
468,467,삽교점,충청남도 예산군 삽교읍 삽교로2길2,126.7394369913,36.6862632462869,정좌표
469,468,상계역점,"서울특별시 노원구 상계로23다길 4, 102호(상계동)",127.068941685798,37.6588653288055,정좌표
470,469,상대원1점,경기도 성남시중원구 박석로62번길 1(상대원동),127.166115612353,37.438462126437,정좌표
472,471,상도동점,서울특별시 동작구 상도동 22-107 102,126.946582987551,37.5055242889574,정좌표
474,473,상동점,전라북도 정읍시 상동 265-1(충정로 37),126.870828866997,35.5574177469059,정좌표
476,475,상리점,경기도 여주시 청심로 232,127.644976203192,37.2944787603812,정좌표
477,476,상무세정점,광주광역시 서구 치평동 상무화원로31번길18,126.844993089593,35.1461484611326,정좌표
478,477,상봉동점,서울특별시 중랑구 봉우재로 161(상봉동),127.090777925818,37.5938323632121,정좌표
479,478,상인점,대구광역시 달서구 상인동 1474,128.541557559893,35.8120223160584,정좌표
480,479,상일동점,"서울특별시 강동구 상일로 29-1, 1층(상일동)",127.17278592353,37.5497642273368,정좌표
481,480,새마을점,경기도 안양시만안구 안양동 759-51,126.909986123607,37.392956872975,정좌표
482,481,샘머리점,대전광역시 서구 둔산동 908 상록스토아 306,127.393303904388,36.3613062811684,정좌표
483,482,샘터점,경기도 고양시덕양구 화신로 73 D상가 103호,126.838608684227,37.6194606616822,정좌표
484,483,서3점,부산광역시 금정구 서동 203-6,129.106493303094,35.2154036651865,정좌표
485,484,서귀동문점,제주특별자치도 서귀포시 서문로29번길 18,126.559124389472,33.2486732792323,정좌표
486,485,서근리점,경기도 화성시 팔탄면 버들로 1362번길 6,126.856218235702,37.1262061714366,정좌표
487,486,서남점,대구광역시 달서구 감삼동 63-7,128.544334503215,35.8537666868987,정좌표
488,487,서둔탑동평동점,경기도 수원시권선구 서둔로 197-1 1층 101호(탑동),126.979671145614,37.268909435378,정좌표
489,488,서면점(충남),세종특별자치시  연서면 당산로 286 대원네스트빌@상가101,127.278507616435,36.5585656907425,정좌표
490,489,서부점,경상남도 창원시진해구  충장로 100,128.662847470796,35.1521928904548,정좌표
491,490,서산1점,충청남도 서산시 읍내동 160-1,126.451301878198,36.780947207831,정좌표
492,491,서산부영점,충청남도 서산시 성암1로 56(읍내동),126.444891845358,36.783001123112,정좌표
493,492,서산삼성점,충청남도 서산시 서령로 137,126.461487717686,36.7939373316381,정좌표
494,493,서상점,경상남도 함양군 서상면 서상로 290-2,127.686819469278,35.6820092285907,정좌표
495,494,서석점,강원도 홍천군 서석면 구룡령로 2525,128.185666536897,37.7128886200922,정좌표
496,495,서울온천점,"서울특별시 노원구 노원로16길 15, 상가동 1층 104호 (하계동,중계9단지상가)",127.074345941276,37.6423859756469,정좌표
497,496,서울지사,서울특별시 금천구 시흥동 985-14,126.902941855879,37.4463647184613,정좌표
498,497,서정점,경기도 평택시 서정동 288-15,127.05861015752,37.0602038445057,정좌표
499,498,서천점,충청남도 서천군 서천읍 군사리 715-2,126.686711314648,36.0786824970219,인근좌표
500,499,서천점(용인),"경기도 용인시기흥구 예현로35번길  6 서천동,1층",127.066828176741,37.2435446494622,정좌표
501,500,서초동점,서울특별시 서초구  효령로424,127.030232833026,37.4888281149469,정좌표
502,501,서현점,경기도 성남시분당구 서현동 311 효자촌주상복합 604-110,127.138946159081,37.3723605810776,정좌표
503,502,석관동점,"서울특별시 성북구 돌곶이로22길 50, 1층(석관동)",127.060833317399,37.6104740617623,정좌표
504,503,석림점,충청남도 서산시 석림동 783-4,126.462017113827,36.7718022985863,정좌표
505,504,석문점,충청남도 당진시 석문면 통정3안길 8-15,126.591396405231,36.981560274713,정좌표
506,505,석사점,강원도 춘천시 공지로252번길 4,127.736574391747,37.8645830501393,정좌표
507,506,석적점,경상북도 칠곡군 석적읍 북중리 11길 28,128.4117349179,36.078439631838,정좌표
508,507,석촌점,"서울특별시 송파구 송파대로37길 26, 101호 (석촌동)",127.109412081491,37.501035850332,정좌표
509,508,석포점,경기도 화성시 장안면 버들로 1199,126.839725215079,37.1301988312166,정좌표
510,509,선부3점,경기도 안산시단원구 달미로 85-1,126.814979957391,37.3435772105201,정좌표
511,510,선수촌점,서울특별시 송파구 잠실7동 85-1 아시아선수촌상가내,127.076895021873,37.5085260055768,정좌표
512,511,선유점,경기도 파주시 문산읍 독서울1길 39 휴먼시아상가 106,126.800624605316,37.8656040697464,정좌표
513,512,선화점,대전광역시 중구 은행동 1-1,127.424965056271,36.3323630245928,정좌표
514,513,설봉점,경기도 이천시 향교로 106(창전동),127.449182248905,37.2840609326268,정좌표
515,514,설성점,경기도 이천시 설성면 설장로 13(금성빌딩),127.520402662407,37.1326612141457,정좌표
516,515,설악동점,강원도 속초시 청봉로 77 (설악동),128.538736890136,38.165739425814,정좌표
517,516,설악면점,경기도 가평군 설악면 신천 중앙로 131,127.489256356492,37.6778144608106,정좌표
518,517,성거점,충청남도 천안시서북구 성거읍 성거길 90,127.201491151466,36.8732811285758,정좌표
519,518,성건점,경상북도 경주시 성건동 625-8,129.207040546619,35.8546148293572,정좌표
520,519,성남점,경기도 성남시중원구 성남동 4149,127.128243126686,37.4325998253716,정좌표
521,520,성남점(울산),울산광역시 중구 성남동 57-2 2F,129.320190976591,35.5558989088088,정좌표
523,522,성당점,대구광역시 달서구 성당동 669-9 1층,128.549398071291,35.8448315682039,인근좌표
524,523,성대1점,경기도 수원시장안구 율전로 85번길 15(율전동),126.967522875144,37.2973888980826,정좌표
525,524,성대2점,"경기도 수원시장안구 서부로 2197번길 36-1, 1층",126.970544245338,37.3043791864065,정좌표
526,525,성산동점,서울특별시 마포구 중동 64-25,126.903820522662,37.5701515226778,정좌표
527,526,성산점,제주특별자치도 서귀포시 성산읍 178-3,126.933365966018,33.4630144985681,정좌표
528,527,성서점,"대구광역시 달서구 이곡동 1194-2, 상가108호",128.500944382139,35.852983774148,정좌표
529,528,성석점,경기도 고양시일산동구 고봉로 616(성석동),126.788729914709,37.711421014141,정좌표
530,529,성정2점,충청남도 천안시서북구 서부12길 14,127.137504213413,36.8207553401676,정좌표
531,530,성정점,충청남도 천안시서북구 성정동 717-1,127.13825926426,36.8160861161779,정좌표
532,531,성주점(경북),경상북도 성주군 월항면  주산로 397,128.317727871966,35.9478784638959,정좌표
533,532,성환점,충청남도 천안시서북구 성환읍 성환리 345-3,127.130633364195,36.9182675133316,정좌표
534,533,세검정점,서울특별시 종로구 평창동 285-2,126.964726792377,37.6044269197092,정좌표
535,534,세곡점,서울특별시 강남구 세곡동 124-2 1층 16,127.107284900099,37.4639908087577,정좌표
536,535,세류점,경기도 수원시권선구 정조로 558(세류동),127.012474626544,37.258838437686,정좌표
537,536,세종청사점,"세종특별자치시  갈매로 479, 101(어진동, 상가동지하1층)",127.267328590488,36.5068719999596,정좌표
538,537,센트럴파크점,인천광역시 연수구 컨벤시아대로 50,126.65112472028,37.3980083284353,정좌표
539,538,소래점,인천광역시 남동구 논현동 577 풍림상가 111호,126.738498415521,37.4055183626832,정좌표
541,540,소양로점,강원도 춘천시 중앙로 126번지(소양로4가),127.721146291995,37.8763537490733,정좌표
542,541,소촌점,광주광역시 광산구 소촌동 610 서라@상가105,126.790702479927,35.1464551113146,정좌표
543,542,속리산점,충청북도 보은군 속리산면 사내리 281-1,127.822971115479,36.5312219397815,인근좌표
544,543,송강그린점,대전광역시 유성구 송강동 208-7,127.383635587845,36.4290541158166,정좌표
545,544,송강마을점,대전광역시 유성구 구즉로58번길 12(송강동),127.385791722693,36.4340219575824,정좌표
548,547,송도신도시점,"인천광역시 연수구 해돋이로6번길 33, 한진해모로상가 105호",126.661192429714,37.3893325079063,정좌표
549,548,송도점,인천광역시 연수구 비류대로 216 1층4호,126.658809339465,37.4272479321392,정좌표
550,549,송림점,인천광역시 동구 샛골로161번길 25,126.643276389182,37.4768874195832,정좌표
551,550,송산점,충청남도 당진시 송산면 송산로 809,126.695535232353,36.9588622346137,정좌표
552,551,송악점,충청남도 아산시 송악면 외암리 595-104,127.01003859642,36.7337930742504,정좌표
553,552,송월점,인천광역시 중구 송월동1가 11-128,126.622512478554,37.4795844962291,정좌표
554,553,송정점,"강원도 동해시 동해항2길 5, 7/2(송정동)",129.126799932216,37.4987054525041,정좌표
555,554,송지호점,강원도 고성군 죽왕면 동해대로 5902,128.524581002422,38.3290822891651,정좌표
556,555,송천점,전라북도 전주시덕진구 솔내로 111(송천동1가),127.126384809678,35.8600946949128,정좌표
557,556,송촌점,대전광역시 대덕구 송촌동 222-12,127.443753544693,36.3569450038075,정좌표
558,557,송현점,대구광역시 달서구 송현동 798-23,128.550071816413,35.8269799982233,정좌표
559,558,수곡동점,충청북도 청주시서원구 청남로  2092-1,127.487285868176,36.6188413809516,정좌표
560,559,수리산역점,"경기도 군포시 번영로 403, 211(산본동, 가야주공)",126.924384956432,37.3542308637915,정좌표
561,560,수림점,인천광역시 남동구 주안로237번길 1,126.69629387918,37.4634422998582,정좌표
562,561,수서점,"서울특별시 강남구 광평로51길 49, 수서주공아파트상가112",127.100376539815,37.4917925432134,정좌표
563,562,수성점,대구광역시 수성구 수성동1가 82-2,128.612596414174,35.8586622678439,정좌표
564,563,수안보점,충청북도 충주시 수안보면 장터2길 20-7,127.991029335036,36.8461467119665,인근좌표
565,564,수완점,광주광역시 광산구 신가동 1101,126.826298006083,35.1855265581798,정좌표
567,566,수유점,"서울특별시 강북구 노해로11길 42, 1층(수유동)",127.020315343355,37.6389248367631,정좌표
568,567,수진점,"경기도 성남시수정구 제일로124번길 8, 1층 (수진동)",127.133970348078,37.4378317181386,정좌표
569,568,순흥점,경상북도 영주시 순흥면 읍내리 315-1,128.575575976877,36.9150891052184,정좌표
570,569,시화3점,경기도 시흥시 정왕대로53번길 29,126.724673049738,37.3587735537784,정좌표
571,570,시화5점,경기도 시흥시 역전로 427 세종상가 104,126.736798347717,37.3627631723882,정좌표
572,571,시화6점,경기도 시흥시 정왕동 1847 청솔아파트 상가 104호,126.730021191635,37.3470181627402,정좌표
573,572,시화7점,"경기도 시흥시 정왕신길로49번 37,109(서해APT상가)",126.726680354941,37.357382726038,인근좌표
574,573,시화8점,경기도 시흥시 정왕대로266번 4 금강아파트 상가 108호,126.738508284859,37.3449676727252,인근좌표
575,574,시화지구점,경기도 시흥시 봉우재로 7번길 20,126.740816186677,37.3450557877686,정좌표
576,575,시흥공구점,서울특별시 금천구 시흥동 941-1,126.904625627412,37.4424438967177,정좌표
578,577,시흥현대점,"서울특별시 금천구 독산로36길 8, 지하1층 (시흥동)",126.905662120322,37.458770169443,정좌표
579,578,신갈점,경기도 용인시기흥구 신구로53번길  10-1(신갈동),127.108149291203,37.2770549087112,정좌표
580,579,신계점,충청남도 천안시동남구 목천읍 충철로 874 협성엠파이어아파트 상가 106~107호,127.204505753844,36.807308399788,인근좌표
581,580,신곡점,경기도 의정부시 시민로 240,127.061359110725,37.7356249919459,정좌표
582,581,신공덕점,"서울특별시 마포구 만리재옛길 20(신공덕동, 1층)",126.955397472327,37.5457675759963,정좌표
583,582,신공항점,인천광역시 중구 영종대로27번길 41,126.483398085196,37.4970288040041,정좌표
584,583,신관점,충청남도 공주시 신관동 177-1,127.136944522948,36.4678760563982,정좌표
585,584,신관초교점,충청남도 공주시 신관동 319-7 신관초교 후문앞,127.139666538931,36.4754274699753,정좌표
586,585,신구로점,"서울특별시 구로구 구로중앙로28다 21, 1층101호(구로동)",126.891341994362,37.4925466634971,정좌표
587,586,신길2점,서울특별시 영등포구 신길동 451-1,126.923053145731,37.512030080067,정좌표
588,587,신내동점,"서울특별시 중랑구 봉화산로 236(신내동, 102호)",127.098888990835,37.6078514328582,정좌표
589,588,신대방역점,서울특별시 관악구 신림동 542-17,126.910841359456,37.4821805440712,정좌표
590,589,신대점,대전광역시 대덕구 신대동 216번지,127.422795015201,36.3994626098536,정좌표
591,590,신도림점,서울특별시 구로구 신도림로11다길 23(신도림동),126.877839211891,37.5083446378521,정좌표
592,591,신둔점,경기도 이천시 신둔면 경충대로 3172,127.402110640276,37.3095623643234,정좌표
593,592,신례원점,충청남도 예산군 예산읍 창말로 8,126.844933202536,36.7277866634671,정좌표
594,593,신림2점,서울특별시 관악구 신림동 251-461,126.93750210371,37.4676235419684,정좌표
595,594,신림점(원주),강원도 원주시 신림면 신림황둔로 4,128.081933713117,37.2298807946781,정좌표
596,595,신림현대점,"서울특별시 관악구 신림로 122, 1층 (신림동)",126.935877844713,37.4713401018475,정좌표
597,596,신매점,대구광역시 수성구 신매동 599-15,128.70439996644,35.8327945309562,정좌표
598,597,신반점,경상남도 의령군 부림면 신번로 164,128.324221717291,35.4679540936296,정좌표
599,598,신부점,충청남도 천안시동남구 신부동 683,127.159689777765,36.8211926576523,정좌표
600,599,신사동점,"서울특별시 은평구 갈현로3길 33-8, 1층 (신사동)",126.906333781865,37.6001029039512,정좌표
601,600,신선점,부산광역시 영도구 하나길 614,129.047330388306,35.0888657911522,정좌표
604,603,신수동점,"서울특별시 마포구 토정로 240, 1-1(신수동, 상가)",126.936898208096,37.5435818347338,정좌표
605,604,신수리점,강원도 철원군 서면 자등로 593,127.41258274682,38.1658194267212,정좌표
606,605,신시가지점,제주특별자치도 서귀포시 김정문화로 66(법환동),126.511823202111,33.2505748138561,정좌표
607,606,신양점,충청남도 예산군 신양면 청신로 364,126.867563333017,36.6013888761156,정좌표
608,607,신영통점,경기도 수원시영통구 영통로90번길 4-9(망포동485-3),127.060085995463,37.2378038421863,정좌표
609,608,신원당점,경기도 고양시덕양구 고양대로1384 7-24 동문상가 1층 ,126.83796280052,37.6544274819715,인근좌표
610,609,신월4점,서울특별시 양천구 신월4동 447-4,126.84157440511,37.5249810613431,정좌표
611,610,신월7점,서울특별시 양천구 신월7동 952-1 대지상가 105,126.833091985031,37.5215035282579,정좌표
612,611,신정1점,"서울특별시 양천구 중앙로32길 55, 1층 101호 (신정동)",126.859719518924,37.5198650348783,정좌표
613,612,신정2점,"서울특별시 양천구 신목로2길 11, 1층 103호 (신정동,청구아파트상가)",126.87551885113,37.5185502843235,정좌표
614,613,신제주점,제주특별자치도 제주시 신대로 124(연동),126.496164571897,33.4863670303776,정좌표
615,614,신창부영점,광주광역시 광산구 신창동 1270번지 부영@2차 상가 2-106,126.833842350805,35.1922747280419,정좌표
616,615,신창점,충청남도 아산시 신창면 서부남로 868,126.934418930212,36.7773687796658,정좌표
617,616,신천은행점,경기도 시흥시 신천동 781-22,126.78890827179,37.4374164361394,정좌표
618,617,신천점,대구광역시 동구 신천동 279-17,128.621531293408,35.8742843978963,정좌표
619,618,신탄3점,대전광역시 대덕구 신탄진동 18-8,127.435191075811,36.4513601305266,정좌표
620,619,신태인점,전라북도 정읍시 신태인읍 신태인중앙로 7,126.885726336488,35.6884391932376,정좌표
622,621,신항점,충청남도 태안군 근흥면 신진도리 527-8,126.136916366257,36.6792753168613,정좌표
623,622,신현리점,경기도 광주시 오포읍 새말길 94,127.161433859861,37.3668242796184,정좌표
624,623,신현점,인천광역시 서구 원창로239번길 4(가정동),126.676106118571,37.5178312271836,정좌표
625,624,신흥2점,경기도 성남시수정구 수정로220번길 5 (신흥동),127.14447565345,37.4444888607736,정좌표
628,627,심곡점,인천광역시 서구 심곡로 170 상가동 1층 103호,126.682696745592,37.5483117693347,정좌표
629,628,십정점,인천광역시 부평구 배곶남로 18,126.696068369896,37.4721601389029,정좌표
630,629,쌍문동점,서울특별시 도봉구 쌍문동 56 삼익A 상가 107,127.035147418965,37.6572416110331,정좌표
631,630,쌍촌시영점,광주광역시 서구 쌍촌로 37,126.864490619095,35.1480196285169,정좌표
632,631,아동점,"경기도 파주시 경의로 1821, 1층101호",126.777299335854,37.7683470329732,정좌표
633,632,아라점,제주특별자치도 제주시 인다12길 1 아라주공아파트 상가 106호,126.546364082616,33.4739179363063,정좌표
634,633,아산풍기점,충청남도 아산시 어의정로 184,127.017989612788,36.7740080055719,정좌표
635,634,아중점,전라북도 전주시덕진구 인후동1가 880-5,127.161605373898,35.828453622043,정좌표
636,635,아진천곡달천점,울산광역시 북구 달천로 103-19(달천아이파크 2차상가 100동 B109호),129.327402132804,35.6330450291017,정좌표
637,636,안강점,경상북도 경주시 안강읍 비화원로 117,129.219481283209,35.9912595407912,정좌표
638,637,안녕송산점,경기도 화성시 용주로 25 1층 일부호(안녕동),127.013960331154,37.2051764308887,정좌표
639,638,안산3점,경기도 안산시단원구 예술대학로 107 상가104호,126.837336895299,37.3265897742256,정좌표
640,639,안산상록수점,경기도 안산시상록구 본삼로 17 1층 103호,126.86192131619,37.301210171811,정좌표
641,640,안산이동점,"경기도 안산시상록구 도매시장로 34-1, 102호",126.85931484556,37.3097704797833,정좌표
642,641,안산일동점,경기도 안산시상록구 호동로 81(일동),126.866053979602,37.3150583970319,정좌표
643,642,안산효자점,경기도 안산시단원구 선부광장서로1길 15 효자상가103호,126.802819438641,37.3337352804694,정좌표
644,643,안서점,충청남도 천안시동남구 중암1길 17,127.174292135988,36.8325154874579,정좌표
645,644,안성2점,경기도 안성시 신건지동 1-2,127.254429810656,37.0137758077266,정좌표
646,645,안양5동점,경기도 안양시만안구 안양동 388-12,126.926471399713,37.3936426773086,정좌표
647,646,안의점,경상남도 함양군 안의면 금천리 203-4,127.811706400314,35.6304307382217,정좌표
648,647,안정점,경상남도 통영시 광도면 안정로 807,128.411524836985,34.9474590345701,정좌표
649,648,안중점,경기도 평택시 안중읍 안현로서7길 16,126.925754689947,36.9814309956299,정좌표
650,649,안흥점,강원도 횡성군 안흥면 안흥길 37-1,128.161125768689,37.4097430126432,정좌표
651,650,암사2점,"서울특별시 강동구 구천면로 337, 1층 (암사동)",127.136587521137,37.5494003986443,정좌표
653,652,앙성점,충청북도 충주시 앙성면 가곡로 1033-1,127.753736051932,37.1079505260362,정좌표
654,653,애월점,제주특별자치도 제주시 애월읍 애월리 1717-6,126.320089819446,33.4646395890677,정좌표
655,654,야탑점,"경기도 성남시분당구 야탑로139번길 18-3 (야탑동,1층)",127.134491309978,37.4113307901116,정좌표
657,656,약목점,경상북도 칠곡군 약목면 약목로 94-2(2층 건물내 1층),128.365517371529,36.0348383322812,정좌표
658,657,약수역점,서울특별시 중구 신당동 321-1 1층,127.014749721923,37.5594617633961,정좌표
659,658,양곡1점,경기도 김포시 양촌읍 양곡2로60번길 53 101호,126.629837689711,37.6573198229178,정좌표
660,659,양덕원점,강원도 홍천군 남면 시동로 4,127.768591573649,37.614666393339,정좌표
661,660,양덕합성점,경상남도 창원시마산회원구 합성동 733-3,128.58212243791,35.2363778722204,정좌표
662,661,양동점,경기도 양평군 양동면 양동시장길 6-5,127.75334670807,37.420544548372,정좌표
663,662,양문점,경기도 포천시 영중면 양문로 98-1,127.242854245342,38.0013592216115,정좌표
664,663,양벌점,경기도 광주시 오포읍 양벌로 190,127.25486683788,37.3797237733968,정좌표
665,664,양성점,경기도 안성시 양성면 읍내길 26,127.19520746695,37.0602180021982,정좌표
666,665,양수리점,경기도 양평군 양서면 양수로150번길 9-2,127.320034976201,37.5450734217998,정좌표
667,666,양재점,서울특별시 서초구 양재동 8-71 광성빌딜 1층,127.03820577251,37.4835415002038,정좌표
668,667,양정염포점,울산광역시 북구 염포로 591-1(양정동),129.387115654224,35.539046812386,정좌표
669,668,양평옥천점,"경기도 양평군 옥천면 북부길9번길, 5",127.460428342686,37.51992866715,정좌표
670,669,양평용문점,경기도 양평군 용문역길 7,127.593752741128,37.4836428897945,정좌표
671,670,양평점,경기도 양평군 양평읍 중앙로167번길 62,127.513349883555,37.4960088775487,정좌표
672,671,어양점,전라북도 익산시 고봉로18길 107(어양동),126.980739104737,35.9531347581763,정좌표
673,672,언양점,울산광역시 울주군 언양읍 읍성로 40,129.118037990899,35.5673632256971,정좌표
674,673,엄사금암점,충청남도 계룡시 엄사면 번영2길 4-41 101,127.239945966595,36.2894584512028,정좌표
675,674,엄정점,충청북도 충주시 엄정면 내창로 205,127.917271972141,37.0865409208859,정좌표
676,675,에코점,인천광역시 남동구 논현동 739-1,126.723639481575,37.3945288464559,정좌표
678,677,여의도점,"서울특별시 영등포구 여의나루로 117, 109(여의도동)",126.931053833764,37.52623095881,정좌표
679,678,여주점,경기도 여주시 여흥로 97,127.634242434659,37.29578943329,정좌표
681,680,연남동점,서울특별시 마포구 연남로 41(연남동),126.921101359525,37.5629610127246,정좌표
682,681,연동점,제주특별자치도 제주시 연동 251-23,126.4866346865,33.4890827580875,정좌표
683,682,연무대점,충청남도 논산시 연무읍 안심로 127,127.099347575208,36.1325035650945,정좌표
684,683,연봉점,강원도 홍천군 홍천읍 무궁화로 88,127.878340663212,37.6854282781825,정좌표
685,684,연성점,"경기도 시흥시 인선길 100, 107호(장곡동, 연성프라자)",126.780161075799,37.3798432767745,정좌표
686,685,연수3점,인천광역시 연수구 연수동 540 문남상가 107호,126.678224798288,37.4224592215464,정좌표
687,686,연수5점,"인천광역시 연수구 먼우금로 126, 107호(동춘동, 대림현대)",126.672519516365,37.4094776987167,정좌표
688,687,연수6점,"인천광역시 연수구 샘말로 106-7(연수동, 1층 일부)",126.681758190044,37.4152677739272,정좌표
689,688,연수동점,충청북도 충주시 연원로 28(연수동),127.930921163815,36.9885889502305,정좌표
690,689,연수주공점,인천광역시 연수구 연수동 533 연수상가 103호,126.691765214974,37.4212338534401,정좌표
691,690,연지점,경기도 안성시 연지동 16-1,127.272022255939,37.0106652553209,정좌표
692,691,연천점,경기도 연천군 연천읍 연천로 262,127.074947742275,38.1002254945123,정좌표
693,692,연풍점,경기도 파주시 파주읍 술이홀로 449,126.836813169203,37.8291430648217,정좌표
694,693,연풍점(충북),충청북도 괴산군 연풍면 향교로 28,127.996616024198,36.7644983798284,정좌표
695,694,염창동점,서울특별시 강서구 공항대로65길 51. 1층(염창동),126.869977416301,37.5503439998789,정좌표
696,695,영광점,전라남도 영광군 영광읍 남천리 312-2,126.503171027366,35.2764852012526,정좌표
697,696,영덕점,경상북도 영덕군 영덕읍 중앙길 120-3,129.367296489654,36.4120993604093,정좌표
698,697,영동아파트점,"서울특별시 강남구 역삼로64길 11, 1층(대치동)",127.053179523481,37.500306898261,정좌표
699,698,영동점,충청북도 영동군 구교로 46-1,127.778980827955,36.1776972325639,정좌표
700,699,영등포점,"서울특별시 영등포구 양산로 137, 1층(당산동3가)",126.898258185154,37.5238848924715,정좌표
701,700,영산점,경상남도 창녕군 영산면 서리상촌길321,128.506437827417,35.4428547780193,인근좌표
702,701,영오점,경상남도 고성군 영오면 영회로 514,128.236670561973,35.1079692318931,정좌표
703,702,영운동점,충청북도 청주시상당구 영운로 34-1(영운동),127.496850475933,36.6187936070206,정좌표
704,703,영월삼호점,강원도 영월군 영월읍 단종로 88,128.464274819992,37.1906886304469,정좌표
705,704,영월점,강원도 영월군 영월읍 은행나무길 19,128.465536901893,37.1800859651985,정좌표
707,706,영주풍기점,경상북도 영주시 풍기읍 풍기로 49-1,128.524886023702,36.8694419265566,정좌표
708,707,영천시장점,서울특별시 서대문구 천연동 1 냉천동 190,126.962885519728,37.5693523854477,정좌표
709,708,영통2점,경기도 수원시영통구 영통동 955-1 황골마을1단지 상가-106,127.079605364428,37.2629022150488,정좌표
710,709,예산1점,충청남도 예산군 예산읍 예산리 천변로 179,126.849346812055,36.6777544206344,정좌표
711,710,예산2점,충청남도 예산군 예산읍 주교리 225-9,126.829566334887,36.6854853647166,정좌표
712,711,예천점,경상북도 예천군 예천읍 남본리 222-2번지,128.4541755487,36.6559975579747,정좌표
713,712,오남리점,경기도 남양주시 오남읍 진건오남로 626,127.212747241867,37.6889932229683,정좌표
714,713,오류1점,서울특별시 구로구 고척로1길 5 (오류동),126.840440021636,37.4952794505465,정좌표
715,714,오목천점,경기도 수원시권선구 삼천병마로 1592번길 3(오목천동),126.96375197401,37.2449480530572,정좌표
716,715,오산1점,경기도 오산시 오산로 190번길 24,127.071178499346,37.1438750098248,정좌표
717,716,오산2점,경기도 오산시 오산로 226번길 18(원동),127.070480698184,37.1469294481911,정좌표
718,717,오성점,경기도 평택시 오성면 숙성리 137-7,126.981862057015,37.007497973345,정좌표
720,719,오천원동점,경상북도 포항시남구 오천읍 냉천로302번길 51,129.404004995559,35.9673670500269,정좌표
721,720,오학점,"경기도 여주시 현암2길   28-11, 1층8호",127.639235897433,37.3092674689332,정좌표
722,721,옥계점(대전),대전광역시 중구 대종로 59(옥계동),127.454575037756,36.2984584368429,정좌표
723,722,옥산점,경상북도 경산시 성암로 10길 2-12(옥산동),128.722887373271,35.8218146840869,정좌표
724,723,옥수동점,"서울특별시 성동구 독서당로39길 48, 1층 (옥수동)",127.010975854794,37.5405609909014,정좌표
725,724,옥정점,"경기도 양주시 옥정동로5다길 12, 1층(옥정동)",127.097156161784,37.8157357947581,정좌표
726,725,옥천점(충북),충청북도 옥천군 옥천읍 금구리 24-6,127.57039914869,36.3006613879418,정좌표
727,726,옥포1점,경상남도 거제시 옥포로 282,128.687256543267,34.8989251170057,정좌표
728,727,온수리점,인천광역시 강화군 길상면 온수리 547-1,126.491979606029,37.6409446828651,정좌표
729,728,온양1점,충청남도 아산시 충무로 20번길 20,127.006686351961,36.7817875788731,정좌표
730,729,와룡점,"대구광역시 달서구 이곡동로 32, 403-106(이곡동,성서와룡타운)",128.510805534501,35.853671505758,정좌표
731,730,와수리점,강원도 철원군 서면 와수리 168-1,127.450568563838,38.2532765609569,인근좌표
733,732,왜관점,경상북도 칠곡군 왜관읍 구상길 180-1 삼성A104,128.394990026558,35.9829085483698,정좌표
734,733,외동점,경상남도 김해시 외동 1214-2,128.859281086193,35.232843819294,정좌표
735,734,용강점,경상북도 경주시 승삼1길 6-10,129.230154660065,35.8766885412347,정좌표
736,735,용담점,제주특별자치도 제주시 용담2동 359-51,126.512644088986,33.5118306171792,정좌표
738,737,용상점,경상북도 안동시 용상동 1242,128.750032116285,36.5593209847041,정좌표
739,738,용연점,충청남도 아산시 배방읍 장재리 1205,127.089094438428,36.7939389631352,정좌표
740,739,용운점,대전광역시 동구 용운동 307-8,127.458296870295,36.3279459154564,정좌표
741,740,용원점,경상남도 창원시진해구 용재로29번길 5-17,128.812300298236,35.1023256660333,정좌표
742,741,용인구성점,경기도 용인시기흥구 구성로 176(언남동),127.128190441642,37.2914946309548,정좌표
743,742,용인시청점,경기도 용인시처인구 중부대로 1142-1,127.17241003398,37.2394297950792,정좌표
744,743,용전점,대전광역시 대덕구 중리동 246-25,127.427522485459,36.3562980619938,정좌표
745,744,용현1호점,인천광역시 미추홀구 인주대로174번  36,126.656151057368,37.4556339445236,정좌표
746,745,용현2호점,인천광역시 미추홀구 낙섬중로 11(용현동),126.635632455381,37.4497553304941,정좌표
747,746,용현점,"경기도 의정부시 충의로57번길 7-3(용현동, 1층)",127.08695251358,37.7367179205947,정좌표
748,747,용호점,"부산광역시 남구 용호로42번길 104(용호동,1층)",129.109436284939,35.1222033099055,정좌표
749,748,용화점,"충청남도 아산시 용화동 694, 101호",126.995594514184,36.7745055867014,정좌표
750,749,우만.지동점,경기도 수원시팔달구 창룡대로 150 55(우만동),127.026844178543,37.2911226987062,인근좌표
751,750,우면동점,"서울특별시 서초구 바우뫼로7길 11, 1층 106호(우면동,우면아파트상가)",127.024699797711,37.4701083179811,정좌표
752,751,우성점,충청남도 천안시서북구 직산읍 자은가리1길 68  ,127.127855487043,36.8819881496968,정좌표
754,753,우천점,강원도 횡성군 우천면 수남로 333,128.062902691499,37.4605578046437,정좌표
755,754,우현점,경상북도 포항시북구 우현동 134-7 우현상가101호,129.357699185609,36.0504097346668,정좌표
756,755,운남삼성점,광주광역시 광산구 운남동 387-22번지 삼성@ 상가 127호,126.819872194778,35.1731104206929,정좌표
757,756,운정1점,"경기도 파주시 미래로 603, 상가동 203호(목동동)",126.750642674553,37.7310206482229,정좌표
758,757,운정2점,"경기도 파주시 동패로 115, 상가동 122호",126.740148563488,37.7126715155435,정좌표
759,758,운천점,경기도 포천시 영북면 운천로 10,127.273289163468,38.0914497237432,정좌표
760,759,울산신정1점,울산광역시 남구 봉월로164번길 4,129.308063755551,35.5470500764639,정좌표
761,760,원곡동점,"경기도 안산시단원구 원선로 55, 104호(원곡동)",126.798527852363,37.3297056477872,정좌표
762,761,원당지구점,인천광역시 서구 당하동 1028-13,126.697630963927,37.5931999329313,정좌표
763,762,원동일산점,"강원도 원주시 무실로 96, 1층 (일산동)",127.944163255357,37.3450872541607,정좌표
765,764,원북점,충청남도 태안군 원북면 원이로 837,126.258050212132,36.823787624761,정좌표
766,765,원앙마을점,충청남도 천안시동남구 목천읍 삼성리 9-9 부영A상가 110,127.177360808126,36.7602974360854,정좌표
769,768,원천점,경기도 수원시영통구 매탄2동 동탄원천로1109번길 42 원천성일아파트상가동 103호,127.056310609229,37.2713295634235,정좌표
770,769,원통점,강원도 인제군 북면 금강로 46,128.205162036816,38.1239344705974,정좌표
771,770,월계동점,서울특별시 노원구 광운로2나길 11,127.060103428577,37.6169316249996,정좌표
772,771,월계삼호점,서울특별시 노원구 월계3동 12-1 삼호4차 상가,127.064132069391,37.6265134562937,인근좌표
774,773,월봉점,충청남도 천안시서북구 월봉로 79,127.117568704714,36.797814854419,정좌표
775,774,월피주공점,경기도 안산시상록구 월피동 446-2 주공상가 107호,126.843338525231,37.328799506393,정좌표
776,775,위미점,제주특별자치도 서귀포시 남원읍 위미리 1759-2,126.664361139247,33.2722688233691,정좌표
777,776,유구점,충청남도 공주시 유구읍 중앙1길 88,126.951160659718,36.5525511709486,정좌표
779,778,유성2점,대전광역시 유성구 장대동 269-8,127.333824661473,36.359632593829,정좌표
780,779,유천2점,대전광역시 중구 유천동 127-7,127.401815747274,36.3192278839078,정좌표
781,780,유천점,대전광역시 중구 유천동 285-19,127.393774221895,36.3114925304237,정좌표
782,781,율도점,인천광역시 서구 신현동 173-35,126.665341604685,37.5169342607729,정좌표
783,782,율량점,충청북도 청주시청원구 공항로 114,127.485975591259,36.6674454552293,정좌표
784,783,율암온천점,경기도 화성시 팔탄면 온천로 454,126.883365821934,37.1537397527194,정좌표
785,784,율하점,대구광역시 동구 율하동로12길 12(율하동),128.703577300128,35.8619146087042,정좌표
786,785,으뜸점,광주광역시 서구 상무공원로 112 해광한신아파트상가 113호,126.843229239549,35.154238358346,정좌표
787,786,은빛점,경기도 고양시덕양구 화중로130번길 5-19,126.83306089159,37.639080618509,정좌표
788,787,은행나무점,서울특별시 금천구 탑골로 17,126.910926755844,37.4518639823736,정좌표
789,788,은행점,경기도 성남시중원구 산성대로582번 14. 1층(은행동),127.168340028369,37.4615952984603,인근좌표
790,789,은행택지점,경기도 시흥시 은행로 107,126.797764563359,37.440978117038,정좌표
791,790,음봉점,충청남도 아산시 음봉면 산동안길 10,127.095718226911,36.8298087785345,정좌표
792,791,음성점,충청북도 음성군 음성읍 시장로 95,127.69230650891,36.9360716584261,정좌표
793,792,응암1점,서울특별시 은평구 응암동 124-17,126.917809874047,37.5942505696885,정좌표
794,793,의당.신한점,충청남도 공주시 의당면 연수원길 115-2 102호,127.147746954477,36.4908733863663,정좌표
796,795,이대점,"서울특별시 마포구 숭문16길 10, 1층(염리동)",126.946998332317,37.5557548637829,정좌표
797,796,이도점,"제주특별자치도 제주시 도남로15길 4-12, 101(도남동)",126.529015950441,33.4903988037609,정좌표
798,797,이동점,경기도 포천시 이동면 화동로 2105,127.366440382256,38.0356579259499,정좌표
799,798,이매점,경기도 성남시분당구 이매로 54 이매촌분산상가 101호,127.126645535201,37.3941045857385,정좌표
800,799,이수점,충청남도 천안시서북구 백석동 433-3,127.116840495787,36.8277425275073,정좌표
801,800,이원점,충청북도 옥천군 이원면 강청리 82-6,127.620160631166,36.2467898254705,정좌표
802,801,이월점,충청북도 진천군 이월면 진광로 789-1,127.428827749586,36.9306371997424,정좌표
803,802,이주단지점,충청남도 당진시 송악읍 신복운로6길 7(1층),126.781591551106,36.9417269297126,정좌표
804,803,이천중앙점,경기도 이천시 서희로 37(중리동),127.442122784162,37.2789806464666,정좌표
805,804,이천현대점,경기도 이천시 부발읍 경충대로2110번길 14,127.489517060773,37.2535093418479,정좌표
806,805,이포점,경기도 여주시 금사면 이포로 60,127.535742082323,37.3943765364565,정좌표
807,806,이화동점,서울특별시 종로구 대학로 52(연건동),127.002320146976,37.5757507169322,정좌표
808,807,인계점,"경기도 수원시팔달구 권광로 317번 12, 상가동 지하1층6,7호",127.037469926462,37.2753092150616,인근좌표
809,808,인덕원점,"경기도 안양시동안구 흥안대로517번 49, 1층(관양동)",126.976367502118,37.3999816705785,정좌표
810,809,인동점,경상북도 구미시 인동19길  36-1 1층,128.430058039718,36.1004520311981,정좌표
811,810,인동점(대전),대전광역시 동구 인동 147-7,127.441197358519,36.3227503681937,정좌표
812,811,인월점,전라북도 남원시 인월면 인월리 249-16,127.601717663203,35.4606226112796,정좌표
813,812,인제점,강원도 인제군 인제읍 비봉로 3,128.172393673713,38.0688004817671,정좌표
814,813,인제현리점,강원도 인제군 기린면 기린로 19,128.316885045479,37.9540811031854,정좌표
815,814,인창점,경기도 구리시 건원대로99번길 49,127.13812219235,37.6080537012886,정좌표
816,815,인천남부점,"인천광역시 남동구 성리로35번길 20-1(구월동, 1층)",126.70803987245,37.4463418585095,정좌표
817,816,인천남촌점,인천광역시 남동구 남촌동로 52-1,126.71308342067,37.4313589967976,정좌표
819,818,일도점,제주특별자치도 제주시 천수로 25-1,126.539911633642,33.5028635801974,정좌표
820,819,일동점,경기도 포천시 일동면 화동로 1073,127.318359027824,37.9591629694456,정좌표
821,820,일신점,인천광역시 부평구 일신동 111-4,126.745877115829,37.483806184968,정좌표
822,821,임계점,강원도 정선군 임계면 송계5길 5,128.850632398786,37.4955338562312,정좌표
823,822,임광점,경기도 수원시영통구 권선로 792 (매탄동),127.037502052039,37.2561096364346,정좌표
824,823,임은점,경상북도 구미시 임은길 50,128.368075382319,36.0886064959818,정좌표
825,824,입암동점,강원도 강릉시 성덕포남로 89-10,128.915333389426,37.7617568748791,정좌표
826,825,자양1점,"서울특별시 광진구 자양로13다길 47(자양동, 1층)",127.077274893364,37.5333086564033,정좌표
827,826,자양3점,서울특별시 광진구 뚝섬로 693,127.086396091132,37.5329342623673,정좌표
828,827,자양점,대전광역시 동구 자양동 190-36,127.448615783009,36.3419293130203,정좌표
829,828,자유점,"강원도 원주시 자유시장길 7, 22-3(중앙동)",127.948460720823,37.3512940058842,정좌표
830,829,작전1점,"인천광역시 계양구 주부토로 468(작전동, 상가동1층6호)",126.728098832499,37.5357045535011,정좌표
831,830,작전3점,인천광역시 계양구 효성동 197-19,126.719245297343,37.5269587127447,정좌표
832,831,작전현대점,인천광역시 계양구 작전동 580-1 현대아파트상가 1층,126.738441452487,37.5290250783556,인근좌표
833,832,잠실새마을점,"서울특별시 송파구 백제고분로7길 39, 1층 106호(잠실동,고려빌딩)",127.083231850111,37.5109446266049,정좌표
834,833,장계점,전라북도 장수군 장계면 한들로 81,127.581108166316,35.7312380051257,정좌표
835,834,장기1점,경기도 김포시 장기동 1968-3,126.672879278385,37.6448852022854,정좌표
836,835,장기월드점,"경기도 김포시 전원로 32, 116호(장기동, 월드상가)",126.683371921092,37.6464958610366,정좌표
837,836,장락고암점,충청북도 제천시 신죽하로 83-24(장락동),128.222024260091,37.1592446828588,정좌표
838,837,장량점,경상북도 포항시북구 장량로87번길 6-15,129.39081355364,36.0826329972637,정좌표
839,838,장림점,부산광역시 사하구 장림동 641-180,128.966933049149,35.0808454805147,정좌표
840,839,장미점,서울특별시 송파구 신천동 7 장미 B-202,127.099256053024,37.5188761347037,정좌표
841,840,장성점,강원도 태백시 장성시장1길 3(장성동),129.010620370655,37.100845202591,정좌표
842,841,장수점,경상북도 영주시 장수면 장수로 48,128.578336635468,36.7749943448605,정좌표
843,842,장암주공점,경기도 의정부시 회룡로 223 (장암주공5단지아파트),127.058612585268,37.7269079452874,정좌표
844,843,장양리점,강원도 원주시 소초면 장막1길 7,127.956080667927,37.4075795152402,정좌표
845,844,장위동점,서울특별시 성북구 장월로 90,127.049015847038,37.6139007419314,정좌표
846,845,장유점,경상남도 김해시 무계동 278,128.815435779611,35.1987639350529,정좌표
847,846,장평점,경상남도 거제시 장평3로4길 24,128.61158212354,34.8904918822858,정좌표
848,847,장항점,충청남도 서천군 장항읍 장항로 125-1,126.691610931428,36.0116848487222,정좌표
849,848,장현점,경기도 남양주시 진접읍 봉현로36번길 12,127.180369359987,37.7175012436543,정좌표
850,849,장호원점,경기도 이천시 장호원읍 샘재로147번길 26,127.630057763726,37.1180279610421,정좌표
851,850,장흥관산점,전라남도 장흥군 관산읍 관산로 119-1,126.937126180586,34.565691481091,정좌표
852,851,장흥점,전라남도 장흥군 장흥읍 동교3길 8,126.906064494688,34.6798532211191,정좌표
853,852,적성점,경기도 파주시 적성면 청송로 1020,126.918484836205,37.9540986414031,정좌표
854,853,전곡터미널점,경기도 연천군 전곡읍 온골로 56,127.067990577857,38.0258123811972,정좌표
855,854,전남금산점,전라남도 고흥군 금산면 대흥리 360-20,127.127534825219,34.4617225987473,정좌표
856,855,전대리점,경기도 용인시처인구 포곡읍 전대로78번길 3-1,127.217205760761,37.2852968804945,정좌표
857,856,전대점,광주광역시 북구 서양로 46,126.90612404694,35.1701669516872,정좌표
858,857,전민점,"대전광역시 유성구 전민로10번길 49(전민동, 1층)",127.403848129936,36.3985671200009,정좌표
860,859,전하점,울산광역시 동구 전하동 618-8,129.42750110761,35.5124348441218,정좌표
861,860,점동점,경기도 여주시 점동면 청안로 134,127.662352493997,37.2062538355874,정좌표
862,861,정관점,부산광역시 기장군 정관읍모전3길 37,129.169837433748,35.3367950670722,정좌표
863,862,정남점,경기도 화성시 정남면 괘량리 1048-3,126.983158999443,37.1700713962846,정좌표
864,863,정릉점,서울특별시 성북구 돈암동 43-6,127.019373424334,37.5986447654195,정좌표
865,864,정릉행복점,서울특별시 성북구 정릉동 372-47,127.007813980271,37.6089900723011,정좌표
866,865,정림점,대전광역시 서구 정림동 666번지,127.367045859999,36.3026029293968,정좌표
867,866,정산점,충청남도 청양군 정산면 서정리 168,126.947251009005,36.411691313592,인근좌표
868,867,정선점,강원도 정선군 정선읍 정선로 1352,128.664148610057,37.3796400496597,정좌표
869,868,정자점,"경기도 성남시분당구 황새울로116번 28, 1층(정자동)",127.11093806165,37.3710980753251,인근좌표
870,869,정자점(수원),경기도 수원시장안구 장안로 183,126.996350684297,37.2993110098612,정좌표
871,870,제물포점,인천광역시 미추홀구 장천로112번길 10 1층,126.656276523486,37.4625808024896,정좌표
872,871,제부도점,경기도 화성시 서신면 해안길 246-1,126.618258052524,37.1632906887135,정좌표
873,872,제주동문점,제주특별자치도 제주시 일도1동 1084-13,126.53039211008,33.513167643492,정좌표
875,874,제천역전점,충청북도 제천시 내토로 435-1,128.205981138278,37.1303128554957,정좌표
876,875,조암점,경기도 화성시 우정읍 조암서로22번길 21,126.817691670369,37.0834147763009,정좌표
877,876,조양동점,강원도 속초시 동해대로 3998(조양동),128.597617285388,38.1903648988236,정좌표
878,877,조원점,경기도 수원시장안구 송정로187번길 49,127.014717152267,37.3004919445188,정좌표
879,878,조치원2점,"세종특별자치시  조치원읍 새내로 65-1, 1층",127.298541026783,36.5978302306951,정좌표
880,879,조치원3점,세종특별자치시  조치원읍 충현로 159 욱일@상가B07호,127.293776173397,36.6025312574661,정좌표
881,880,종로낙원점,서울특별시 종로구 낙원동 49,126.988108861987,37.5735046352227,정좌표
882,881,주공1점,경기도 평택시 평택2로 108 (비전동),127.094260697596,36.9991737589297,정좌표
883,882,주덕점,충청북도 충주시 주덕읍 신양로 109,127.799221860688,36.9734272268322,정좌표
884,883,주문진점,강원도 강릉시 주문진읍 주문로 117,128.827805927513,37.8940796767108,정좌표
885,884,주안2동점,인천광역시 미추홀구 경인로 326번 49,126.676229172753,37.4585416716162,정좌표
886,885,주안점,인천광역시 미추홀구 염창로 84-3,126.683360237255,37.465371471002,정좌표
887,886,주원점,인천광역시 미추홀구 주안동 1593-34,126.695316719512,37.459932845485,정좌표
888,887,주천점,강원도 영월군 주천면 주천로 88-1,128.268353870953,37.2708731478847,정좌표
889,888,주촌점,경상남도 김해시 주촌면 주선로76,128.841161138246,35.2373417840692,정좌표
890,889,죽림점,"경상남도 통영시 광도면 죽림1로 17-37, 102호(용문빌딩1층)",128.41508814214,34.8791620715997,정좌표
891,890,죽변점,경상북도 울진군 죽변면 죽변북로 59,129.418867494143,37.0638951449682,정좌표
892,891,죽산점,경기도 안성시 죽산면 중서길 1,127.422832482759,37.0750129647933,정좌표
893,892,죽전점,"경기도 용인시수지구 대지로 62, 104(죽전동)",127.116113779655,37.3290586546219,정좌표
894,893,죽정점,충청남도 보령시 죽정동 646-9,126.601020578575,36.3598801798102,정좌표
895,894,중곡1점,"서울특별시 광진구 용마산로7길 20(중곡동, 1층)",127.08657633609,37.5593501398481,정좌표
896,895,중곡2점,서울특별시 광진구 중곡동 199-27,127.083213547795,37.5696102669542,정좌표
899,898,중리점,대구광역시 서구 국채보상로38길 57-1,128.553290312974,35.86460437472,정좌표
900,899,중리점(대전),대전광역시 대덕구 중리남로 20,127.429267493159,36.3612726118545,정좌표
901,900,중마점,전라남도 광양시 중동 1681번지 태영@ 상가 106호,127.69690313603,34.9346972700994,정좌표
902,901,중문점,제주특별자치도 서귀포시 천제연로185번 3-1,126.424511606908,33.2518853004047,정좌표
903,902,중산점,경기도 고양시일산동구 탄중로 416 상가 109,126.779523033849,37.6885087702792,정좌표
904,903,중앙점(경주),경상북도 경주시 노동동 236-1,129.210446802344,35.8421972643763,정좌표
905,904,중촌점,대전광역시 중구 목중로39번길 21,127.409104732612,36.3363211663747,정좌표
906,905,중화산동점,"전라북도 전주시완산구 따박골2길 3(중화산동2가, 1층)",127.12479674808,35.8116077617262,정좌표
907,906,중흥리점,충청남도 당진시 송악읍 송악로 685,126.746060849947,36.939792884671,정좌표
909,908,증산동점,서울특별시 은평구 증산동 159-14,126.912025278362,37.5880077080949,정좌표
910,909,증평점,충청북도 증평군 증평읍 중앙로173,127.578889522245,36.7821983399834,정좌표
911,910,지경리점,강원도 철원군 김화읍 청양로84,127.350254466303,38.2350452443745,정좌표
912,911,지곡점,충청남도 서산시 지곡면 무장리 920 오스카빌 103,126.446470052124,36.8422870202154,정좌표
913,912,지리산온천점,전라남도 구례군 산동면 관산리 715-2번지,127.459619781337,35.3171443690442,정좌표
914,913,지원점,광주광역시 동구 소태동 653-4,126.932498949534,35.1239217179767,정좌표
915,914,지평점,경기도 양평군 지평면 지평의병로 96,127.636395831749,37.4749932814214,정좌표
916,915,직산부영점,충청남도 천안시서북구 직산읍 군수1길 10 부영아파트상가 107호,127.13776797429,36.8939433931212,정좌표
917,916,직산점,충청남도 천안시서북구 직산읍 삼은리 76-177,127.14915486152,36.8770863839076,정좌표
918,917,진달래점,서울특별시 강남구 역삼동 779-9,127.045582909755,37.495647765427,정좌표
919,918,진도점,전라남도 진도군 진도읍 옥주길 22,126.26454121369,34.4836104143622,정좌표
920,919,진량점,경상북도 경산시 진량읍 황제리 70-1 창신황제상가 203,128.818880647995,35.8580161503774,정좌표
921,920,진보점,경상북도 청송군 진보면 진안리 384-4,129.045151943708,36.5283077340112,정좌표
922,921,진부점,강원도 평창군  진부면 진부중앙로 70,128.559061417859,37.6373737951223,정좌표
923,922,진우점,강원도 원주시 현충로 272(태장동),127.949741215969,37.3778370386486,정좌표
924,923,진잠점,대전광역시 유성구 원내동 343-6,127.319260012365,36.2980088512708,정좌표
925,924,진주대곡점,경상남도 진주시 대곡면 광석리 315-1,128.168138225079,35.2625574394854,정좌표
926,925,진천대곡점,대구광역시 달서구 상화로21길 49(진천동),128.524411427264,35.8105815727526,정좌표
927,926,진천점,"충청북도 진천군 진천읍 문화로 237-18, 101호",127.437355996181,36.8619892604819,정좌표
928,927,진하점,울산광역시 울주군 서생면 깨목길 28,129.344135600293,35.3833205217803,정좌표
929,928,참이슬점,경기도 평택시 참이슬길 16,127.116673485267,36.9894057217123,정좌표
930,929,창녕점,경상남도 창녕군 창녕읍 명덕로 48,128.49456033818,35.5426820567872,정좌표
931,930,창동역점,서울특별시 도봉구 창동 135-14 1층 103,127.046808700542,37.6532018160209,정좌표
932,931,창신동점,"서울특별시 종로구 지봉로5길 12, 1층(창신동)",127.015125141373,37.5746367631997,정좌표
933,932,창현점,경기도 남양주시 화도읍 창현로  60(신명상가 108호),127.304259643077,37.6471680142489,정좌표
935,934,천마점,경기도 남양주시 화도읍 멋갓로28번길 36,127.318592262258,37.6568719014586,정좌표
936,935,천북점,충청남도 보령시 천북면 하궁길 2,126.527064787367,36.4799881349729,정좌표
937,936,천안3점,충청남도 천안시동남구 봉정로 18,127.139421214984,36.8036490816427,정좌표
938,937,천안4점,충청남도 천안시동남구 오룡동 63-12,127.152392338155,36.8044251711596,정좌표
939,938,천안7단지점,"충청남도 천안시서북구 쌍용11길 57 109(쌍용동, 주공아파트 7단지상가)",127.126232184632,36.8021209422578,정좌표
940,939,천안백석점,충청남도 천안시서북구 백석5길 23-1(백석동),127.126147709137,36.8226685134925,정좌표
941,940,천안신당점,충청남도 천안시서북구 신당동 271-9,127.155634398147,36.850297134635,정좌표
942,941,천안신방점,충청남도 천안시동남구 서부대로 피오레상가103 ,127.127682684542,36.7771773225841,인근좌표
943,942,천안청룡점,충청남도 천안시동남구  구성2길 1(구성동),127.159866879553,36.7975308250384,정좌표
944,943,천왕점,서울특별시 구로구 천왕로 56 천왕이펜하우스3단지 상가 1층 102호,126.840568855923,37.4819119362268,정좌표
946,945,천호점,"서울특별시 강동구 천중로18길 53, 1층 (천호동)",127.12957366634,37.5425091986703,정좌표
947,946,철산2점,경기도 광명시 철산2동 156-1 1층,126.865945544892,37.4832138038078,정좌표
948,947,철산3점,"경기도 광명시 도덕공원로 21-1. 비02호(철산동,힐타운상가)",126.865405618565,37.4710255409964,정좌표
949,948,첨단점,광주광역시 광산구 산월동 산월로 64,126.844570432833,35.2079732475485,정좌표
950,949,청당점,"충청남도 천안시동남구 청수10길 12, 101",127.16061462199,36.78223167265,정좌표
951,950,청도점,경상북도 청도군 청도읍 청화로 202-2,128.74598458166,35.6409170533873,정좌표
952,951,청라2점,인천광역시 서구 청라루비로 144번길 6-6,126.640922368917,37.5374358083964,정좌표
953,952,청라점,충청남도 보령시 청라면 당안길1,126.673828284191,36.3901286255867,정좌표
954,953,청량리점,"서울특별시 동대문구 왕산로 247, 1층(청량리동)",127.048882650787,37.583305179777,정좌표
955,954,청룡동점,서울특별시 관악구 청룡길 20,126.946017526174,37.4809514975673,정좌표
956,955,청림점,경상북도 포항시남구 청림동 588-2번지,129.410360627179,35.9965396138939,정좌표
958,957,청북점,경기도 평택시 청북읍 신포길56,126.933692871233,37.0409104399605,정좌표
959,958,청양점,충청남도 청양군 청양읍 읍내리 203-40,126.804219536203,36.4520524107285,정좌표
960,959,청일점,강원도 횡성군 청일면 유동로 18,128.150745035468,37.5833176882657,정좌표
961,960,청주용암점,충청북도 청주시상당구 무농정로3번길 36(용암동),127.505125484659,36.6073005628383,정좌표
962,961,청천2점,인천광역시 부평구 청천2동 11-35,126.704650790886,37.5176836812714,정좌표
963,962,청풍점,"충청북도 제천시 청풍면 청풍호로58번길, 10-16",128.202457909681,37.1261061970395,정좌표
964,963,초가점,경기도 포천시 소흘읍 검바위길 84,127.14727094681,37.8197237695327,정좌표
965,964,초계점,경상남도 합천군 초계면 초계리 89-1,128.264185770159,35.5592526378229,정좌표
966,965,초원점,충청남도 아산시 좌부동 84 초원상가 103,127.029875729898,36.7535117839975,정좌표
967,966,초월점,경기도 광주시 초월읍 경춘대로 1043,127.304068717446,37.4299818558739,인근좌표
968,967,초지1점,경기도 안산시단원구 초지동 734-5 한양타워 114호,126.816040815094,37.3069105325066,정좌표
970,969,추풍령점,충청북도 영동군 추풍령면 신안로 52-1,128.002293121238,36.2122182895439,정좌표
971,970,축산점,경상북도 영덕군 축산면 축산리 86-18,129.447111213884,36.5075707922138,정좌표
972,971,춘천명동점,강원도 춘천시 금강로76번길 (조양동),127.729252511705,37.8786984962322,정좌표
973,972,춘천터미널점,강원도 춘천시 공지로 458(근화동),127.716619302304,37.8743938899781,정좌표
974,973,춘천팔호광장점,강원도 춘천시 효자로 154(효자동),127.735861170922,37.8762316338085,정좌표
975,974,충남덕산점,충청남도 예산군 덕산면 읍내리 342-1,126.669552921512,36.7056289132573,정좌표
977,976,충효점,경상북도 경주시 충효중앙길 65(충효동),129.183827374315,35.8435388328043,정좌표
978,977,칠곡2점,대구광역시 북구 구암동 674-4,128.554512688693,35.9252077587393,정좌표
979,978,칠금점,"충청북도 충주시 금릉로 45, 109(칠금동, 현대아파트상가동)",127.920413740111,36.98630993138,정좌표
980,979,칠보점,경기도 수원시권선구 금호로 2 1층 102호,126.951946385079,37.268567999642,정좌표
981,980,칠성점,"대구광역시 북구 칠성로15길  8, 1층",128.597598332343,35.8797933655197,정좌표
982,981,침산점,대구광역시 북구 침산동 1466-1,128.579431943684,35.8927449137496,정좌표
983,982,탄방점,대전광역시 서구 탄방동 804,127.390414499014,36.3445599914034,정좌표
984,983,탄현점,경기도 고양시일산서구 탄현로 74,126.769130168759,37.6981350693436,정좌표
985,984,탕정점,충청남도 아산시 탕정면 탕정면로 230-11,127.077491595135,36.8086015808945,정좌표
986,985,태백점,강원도 태백시 먹거리길  66,128.988065959169,37.1752126498178,정좌표
987,986,태백주공점,강원도 태백시 감천로 28(황지동),128.98939718756,37.1590406720693,정좌표
988,987,태안점,충청남도 태안군 태안읍 시장2길 42,126.296771929795,36.7534470068986,정좌표
989,988,태장점,강원도 원주시 북원로 2696(태장동),127.947672590213,37.3840981940415,정좌표
990,989,태전동점,경기도 광주시 태봉로 31-3 105호(태전동),127.230597094145,37.3904469949793,정좌표
991,990,태전점,대구광역시 북구 태전동 162-30,128.544071960841,35.9204065142923,정좌표
992,991,"태평1,3동점","경기도 성남시수정구 남문로 14, 1층 일부호 (태평동)",127.128627563617,37.4443072648918,정좌표
993,992,"태평2,4동점","경기도 성남시수정구 남문로102번길 1(태평동, 1층)",127.13816674691,37.4471254221751,정좌표
994,993,태평2점,대전광역시 중구 태평동 334-7,127.397414160637,36.326193553206,정좌표
995,994,태평상가점,"인천광역시 계양구 계산4동 1085-2, 3 태평@상가 114",126.742533480048,37.5364091429836,정좌표
996,995,테크노점,충청북도 청주시흥덕구 송절동 822,127.452320458304,36.6667704846633,정좌표
998,997,테크노점(아산),충청남도 아산시 둔포면 석곡리 1520 아산테크노빌딩 102,127.062667948401,36.9143869344962,정좌표
999,998,토곡점,부산광역시 연제구 연산동 410-2,129.101471404485,35.1859512897695,정좌표
1000,999,통영1점,"경상남도 통영시 중앙로 255 106호(북신동,동우상가)",128.428790622405,34.8531505847486,정좌표
1001,1000,통영2점,경상남도 통영시 도천동 1021-1 영생상가나동 111호,128.416272498006,34.8388033408359,정좌표
1002,1001,퇴계동점,"강원도 춘천시 행촌로32번길  5-6, 1층",127.724877483539,37.8593265503904,정좌표
1003,1002,퇴계원점,경기도 남양주시 퇴계원면 경춘북로 520번길 4,127.141358642526,37.6467413651898,정좌표
1004,1003,퇴계주공점,강원도 춘천시 지석로 74-11 A13(퇴계동),127.743284267701,37.849890373789,정좌표
1005,1004,퇴촌점,경기도 광주시 퇴촌면 광동로 97,127.313085433126,37.4711699623268,정좌표
1006,1005,파동점,대구광역시 수성구 파동 199-22 1층,128.617230129547,35.8126233030054,정좌표
1007,1006,파인힐(공단점),경기도 시흥시 마유로 226 120호,126.728563070422,37.3376765091093,정좌표
1008,1007,파장2점,"경기도 수원시장안구 파장천로 44번 88, 1층(파장동)",126.995898466774,37.3096930650919,인근좌표
1009,1008,파장점,경기도 수원시장안구 파장로 79(정자동),126.991937406596,37.3063534346631,정좌표
1010,1009,판암2점,대전광역시 동구 판암동 234 6단지상가 101,127.458305751143,36.3235719533982,정좌표
1011,1010,팽성점,"경기도 평택시 팽성읍 안정쇼핑로 77-2, 12",127.050076579677,36.9633254876542,정좌표
1012,1011,평거점,경상남도 진주시 진양호로 187,128.058619935615,35.1715982250417,정좌표
1013,1012,평내점,경기도 남양주시 경춘로 1302,127.23748293559,37.6497660499188,정좌표
1014,1013,평리점,대구광역시 서구 평리동 618-1,128.554001260008,35.8767369437958,정좌표
1015,1014,평원점,강원도 원주시 평원로 67(평원동),127.950162898562,37.351529832066,정좌표
1016,1015,평창점(강원),강원도 평창군 평창읍 평창중앙로 84,128.395580380324,37.3697025733439,정좌표
1017,1016,평촌3점,경기도 안양시동안구 관양동 1589-1 한가람상가 103호,126.956784173956,37.3970151468494,정좌표
1018,1017,평촌5점,"경기도 안양시동안구 동안로 2.109(호계동,무궁화진흥아파트상가)",126.957312195017,37.379805319475,정좌표
1019,1018,평택1점,"경기도 평택시 중앙로 19(통복동, 2층)",127.085490717653,36.9953315511231,정좌표
1020,1019,평택지산점,경기도 평택시 지산동 1130,127.063968917728,37.0799655937986,정좌표
1021,1020,포남동점,강원도 강릉시  강릉대로527번 15,128.91782343813,37.7791234259413,정좌표
1022,1021,포남로얄점,강원도 강릉시  경강로 2265(포남동),128.909468309933,37.7657048391805,정좌표
1023,1022,포도원점,경기도 안양시동안구 호계동 859-13,126.962737302406,37.362042510528,정좌표
1024,1023,포승점,경기도 평택시 포승읍 석정리 1257-13 1층 3,126.882065466968,36.983218564352,정좌표
1025,1024,포천점,경기도 포천시 중앙로 184,127.207908228913,37.90198307923,정좌표
1026,1025,포항이동점,경상북도 포항시남구 대잠동 469-3,129.341617940353,36.0254938243958,정좌표
1027,1026,포항장성점,경상북도 포항시북구 성실로 24-1,129.376287880232,36.0660361063238,정좌표
1028,1027,포항터미널점,경상북도 포항시남구 중섬로 25(대잠동),129.347704983089,36.0140252929451,정좌표
1029,1028,풍납점,서울특별시 송파구 풍성로 24(풍납동),127.115157561841,37.534719280766,정좌표
1030,1029,풍동식사점,경기도 고양시일산동구 숲속마을2로 100,126.802245536705,37.6731652045444,정좌표
1031,1030,풍무2점,"경기도 김포시 풍무로 51, 101(풍무동)",126.720704930175,37.6003729001807,정좌표
1032,1031,풍산마실점,"경기도 하남시 미사강변한강로334번안길 13, 1층 (망월동)",127.200691590799,37.5603266992705,정좌표
1033,1032,하남신도시점,경기도 하남시 신장2동 528 현대A 116-115,127.219065950202,37.5395932696604,정좌표
1034,1033,하늘도시점,인천광역시 중구 중산동 1885-11,126.563211096099,37.4883415163943,정좌표
1035,1034,하당동아점,전라남도 목포시 신흥로45번길 2 상가112호,126.425730911627,34.803552991562,정좌표
1036,1035,하당부영점,전라남도 목포시 삼향천로91번길 26(옥암동),126.428508827881,34.8071550487227,정좌표
1037,1036,하대원점,"경기도 성남시중원구 마지로155번길 25-7(하대원동,1층)",127.149058074271,37.4280773955964,정좌표
1038,1037,하동점,경상남도 하동군 하동읍 읍내리 1283-2,127.745156110479,35.0714138954427,정좌표
1039,1038,하북점,경기도 평택시 진위면 하북4길 3,127.064489405458,37.1098390941917,정좌표
1040,1039,하성점,경기도 김포시 하성면 애기봉로806번길 67,126.630603557659,37.7194427680208,정좌표
1041,1040,하소동점,충청북도 제천시 용두대로21길 9(하소동),128.19950727518,37.1432435612496,정좌표
1042,1041,하안1점,"경기도 광명시 안현로 19(하안동, 단지상가 111호)",126.874519780373,37.4645088307374,정좌표
1043,1042,하안5점,경기도 광명시 하안1동 702-2 5단지 일반상가 109,126.864235170302,37.4647206241931,정좌표
1044,1043,하안7점,경기도 광명시 하안3동 295-1 주공7단지 종합상가 106,126.879426346143,37.4599874812676,정좌표
1045,1044,하안9점,경기도 광명시 하안동 13-2 9단지 종합상가 101,126.877210650265,37.4661761319832,정좌표
1046,1045,학다리점,강원도 홍천군  홍천읍 꽃뫼로 120,127.887125291292,37.6915468568034,정좌표
1047,1046,학성점,강원도 원주시 천사로 164(일산동),127.942498998819,37.349361538739,정좌표
1048,1047,학익점,인천광역시 미추홀구 한나루로 425  1층,126.665840210913,37.4453721933174,정좌표
1049,1048,학장점,부산광역시 사상구 학감대로 129,128.987724164302,35.1425472915219,정좌표
1050,1049,학하.한밭대점,대전광역시 유성구 학하남로19번길 16(계산동),127.303213642503,36.3406281371469,정좌표
1051,1050,한대역점,"경기도 안산시상록구 사동 1186-8, 101호",126.849626498268,37.3030736317512,정좌표
1052,1051,한림점,제주특별자치도 제주시 한림읍 한림중앙로 3-1,126.264878932597,33.4143055558074,정좌표
1053,1052,한솔새롬점,세종특별자치시  새롬북로 13,127.24770275542,36.487111429292,정좌표
1054,1053,한솔점,"경기도 성남시분당구 정자로 113, 한솔마을5단지상가101호(정자동)",127.117472321481,37.3637382459453,정좌표
1055,1054,한신점,인천광역시 서구 서곶로 12 한신종합상가 208호,126.684321117872,37.5213695837897,정좌표
1057,1056,한주점,경기도 의정부시 평화로322번길 18(호원동),127.048513416932,37.7208826465988,정좌표
1059,1058,함백점,강원도 정선군 신동읍 함백로 319,128.669501660086,37.2152006864447,정좌표
1060,1059,함양점,경상남도 함양군 함양읍 용평리 702-12,127.728094227687,35.5200425071881,정좌표
1061,1060,함평점,전라남도 함평군 함평읍 광남길 83,126.520256043637,35.0635603119336,인근좌표
1062,1061,합덕점,충청남도 당진시 합덕읍 합덕시장로 176,126.774168047849,36.8082188615088,정좌표
1063,1062,합정동점,서울특별시 마포구 포은로 52(합정동),126.906961271006,37.5520656735943,정좌표
1064,1063,합포점,경상남도 창원시마산합포구 장군동4가 24-6,128.564715436883,35.1970463977168,정좌표
1065,1064,해남점,전라남도 해남군 해남읍 중앙1로 98,126.601902069634,34.5714351193903,정좌표
1066,1065,해미점,충청남도 서산시 해미면 남문5로 4,126.544253046664,36.7132048414499,정좌표
1067,1066,해방촌점,서울특별시 용산구 용산동2가 1-46,126.985151193691,37.5452095692229,정좌표
1068,1067,해운대점,부산광역시 해운대구 우동 541-5 해운대비치오피스텔 101,129.158881163145,35.1619195330964,정좌표
1069,1068,해운대좌동주공2,부산광역시 해운대구 좌동순환로 118 주공2단지 분산상가 나-105,129.176617310216,35.1831996876333,정좌표
1070,1069,행당동점,"서울특별시 성동구 행당로 119 (행당동,1층)",127.032093560973,37.5582589608755,정좌표
1071,1070,향남점,경기도 화성시 향남읍 행정리 472-2 ,126.923055122219,37.133018570938,정좌표
1072,1071,혁신점,강원도 원주시 건강로 17-3 (101),127.988693411012,37.3258948451928,정좌표
1073,1072,혁신점(충북),충청북도 진천군 덕산읍 두촌리 2463,127.535827735992,36.9045203881164,정좌표
1074,1073,현대점(수원),경기도 수원시권선구 세지로82번길 37(권선동),127.020046873044,37.2585674083216,정좌표
1075,1074,현리점,"경기도 가평군 조종면 현창로 50, 1층",127.348067426473,37.819325783736,정좌표
1076,1075,호계매곡점,울산광역시 북구 호계동 255-9,129.352278946496,35.6297967500136,정좌표
1077,1076,호계사거리점,"경기도 안양시동안구 경수대로507번 13, 상가동 101호 (호계동,정화연립)",126.957280443449,37.3671655489407,정좌표
1078,1077,호성점,전라북도 전주시덕진구 호성동 2길 9,127.156116147094,35.8745673106934,정좌표
1079,1078,호원점,경기도 의정부시 신흥로 119번길 54,127.040444030249,37.7271326214751,정좌표
1080,1079,홍도점,대전광역시 동구 홍도동 72-32,127.429376129988,36.3476132511723,정좌표
1081,1080,홍성2점,충청남도 홍성군 홍성읍 조양로 190,126.670591027401,36.60046477395,정좌표
1082,1081,홍성주공점,충청남도 홍성군 홍성읍 문화로72번길 92,126.667222661663,36.5909971444008,정좌표
1084,1083,홍은동점,서울특별시 서대문구 홍은동 427-4,126.936493263954,37.5818658320961,정좌표
1085,1084,홍익대점,"서울특별시 마포구 독막로22길 21, 1층101호(창전동)",126.928704486183,37.5469472289269,정좌표
1086,1085,홍익점,"경기도 안성시 금광면 종합운동장로 132, 홍익아파트상가 107",127.329033433954,37.0100430532092,정좌표
1087,1086,화곡1점,"서울특별시 강서구 월정로28길 24(화곡동, 1층)",126.837908856438,37.5332199170879,정좌표
1088,1087,화명점,부산광역시 북구 화명동 1417-6,129.015133757306,35.2359092448708,정좌표
1089,1088,화봉.연암점,울산광역시 북구 송내1길 18(화봉동),129.365204652175,35.5895260324165,정좌표
1090,1089,화서점,경기도 수원시팔달구 팔달로127번길 16-4(화서동),127.003557926697,37.2803041104008,정좌표
1091,1090,화성마도점,경기도 화성시 마도면 석교로 171,126.774194261366,37.2054676797696,정좌표
1092,1091,화성시청점,경기도 화성시 남양읍 역골로 3-20 ,126.827936743458,37.2001544873952,정좌표
1093,1092,화순점,전라남도 화순군 화순읍 광덕로 142,126.992600625071,35.0574151744228,정좌표
1094,1093,화양동점,"서울특별시 광진구 능동로13길 70(화양동, 1층)",127.069342854601,37.5447373789781,정좌표
1095,1094,화원점,"대구광역시 달성군 화원읍 화원로2길, 27",128.501252640196,35.8049999249236,정좌표
1096,1095,화정점,광주광역시 서구 화정동 766-1,126.87870503119,35.1505745067577,정좌표
1097,1096,환호점,경상북도 포항시북구 삼호로 458,129.398127685153,36.069527732564,정좌표
1098,1097,황간점,충청북도 영동군 황간면 남성리 558-1,127.910691689411,36.226117906933,정좌표
1099,1098,황성점,경상북도 경주시 용담로92번길 43-4,129.214136557739,35.8673715089314,정좌표
1100,1099,황제점,대구광역시 서구 내당동 69-26,128.563122765919,35.8620786846614,정좌표
1101,1100,회원교방점,경상남도 창원시마산회원구 회원남로 39-1,128.565664652275,35.21858022107,정좌표
1102,1101,횡성점,강원도 횡성군 횡성읍 태기로 35,127.987428184275,37.4913130059305,정좌표
1103,1102,횡성중앙점,"강원도 횡성군 횡성읍 문정로19번길, 13-3",127.985565985259,37.4897917882224,인근좌표
1104,1103,효가리점,"강원도 동해시 청운로 71(쇄운동, 104)",129.102598142937,37.4864229882786,정좌표
1105,1104,효돈점,제주특별자치도 서귀포시 하효동 142-1,126.617420955491,33.2634123884893,정좌표
1106,1105,효성1점,인천광역시 계양구 효성2동 273-91 층,126.711073723237,37.5255182344706,정좌표
1107,1106,효성2점,인천광역시 계양구 효성1동 31-4,126.70971552227,37.5343107745973,정좌표
1108,1107,효성점,인천광역시 남동구 백범로247번길 93-26,126.723011284587,37.456188188224,정좌표
1109,1108,효자점(포항),경상북도 포항시남구 효자동 119-1,129.337211688071,36.0086324956803,정좌표
1110,1109,후곡점,경기도 고양시일산서구 강선로 140,126.769260351174,37.6755499846236,정좌표
1111,1110,후평2동점,강원도 춘천시 후만로 37,127.748591609555,37.8743600157349,정좌표
1112,1111,후포점,경상북도 울진군 후포면 후포리 623-130,129.454831685005,36.6812580496294,정좌표
1113,1112,훼미리점,"서울특별시 송파구 중대로 24(문정동, 훼미리상가125호)",127.111902143686,37.4885331519208,정좌표
1114,1113,휴먼시아점,"서울특별시 금천구 금하로1가길 28 (독산동,지상1층)",126.890918356302,37.4524091930665,정좌표
1115,1114,휴천점,경상북도 영주시 휴천2동 303-21,128.624027389999,36.8112763272207,정좌표
1116,1115,흑석동점,서울특별시 동작구 흑석동 96-3,126.961686390328,37.5060308102553,정좌표
1117,1116,흥업점,강원도 원주시 흥업면 남원로 82,127.920414794232,37.30322348062,정좌표
1119,1118,흰돌점,경기도 고양시일산동구 일산로 11 ,126.784381565364,37.6414216720929,정좌표
